order_id,customer_id,order_date,product_id,quantity,unit_price,discount,sales,order_status
500651,10228,2024-01-01,21,1,12.99,0.0,12.99,Completed
502207,10083,2024-01-01,24,1,39.99,0.0,39.99,Completed
500708,10184,2024-01-01,14,5,14.99,0.0,74.95,Completed
503778,10915,2024-01-01,26,2,22.99,0.0,45.98,Completed
500278,10046,2024-01-01,20,3,19.99,0.0,59.97,Completed
500966,10042,2024-01-01,30,3,229.99,0.0,689.97,Completed
501771,10008,2024-01-01,2,1,29.99,0.05,28.49,Completed
500456,10307,2024-01-01,22,2,29.99,0.0,59.98,Completed
500909,10881,2024-01-02,13,1,179.99,0.2,143.99,Completed
502198,10106,2024-01-02,19,2,64.99,0.05,123.48,Completed
504376,10932,2024-01-02,23,1,44.99,0.0,44.99,Completed
504461,10584,2024-01-02,4,1,59.99,0.0,0.0,Returned
501243,10463,2024-01-02,19,3,64.99,0.05,185.22,Completed
504563,10444,2024-01-02,17,3,69.99,0.0,0.0,Cancelled
502142,10565,2024-01-02,19,1,64.99,0.0,64.99,Completed
502602,10945,2024-01-02,28,1,129.99,0.0,0.0,Returned
503960,10117,2024-01-03,25,1,24.99,0.0,24.99,Completed
500671,10069,2024-01-03,21,4,12.99,0.05,49.36,Completed
503891,10143,2024-01-03,18,3,34.99,0.0,104.97,Completed
501986,10452,2024-01-03,15,2,11.99,0.15,20.38,Completed
501461,10412,2024-01-04,23,1,44.99,0.05,42.74,Completed
503908,10831,2024-01-04,1,1,49.99,0.15,42.49,Completed
501752,10250,2024-01-04,20,2,19.99,0.15,33.98,Completed
501823,10675,2024-01-04,22,1,29.99,0.0,29.99,Completed
504820,10237,2024-01-04,30,1,229.99,0.05,218.49,Completed
501349,10926,2024-01-05,2,1,29.99,0.1,26.99,Completed
503396,10080,2024-01-06,7,3,39.99,0.0,119.97,Completed
504343,10863,2024-01-06,21,1,12.99,0.15,11.04,Completed
502133,10677,2024-01-06,19,1,64.99,0.05,61.74,Completed
502992,10744,2024-01-06,24,1,39.99,0.05,37.99,Completed
501561,10262,2024-01-07,17,2,69.99,0.0,0.0,Cancelled
503622,10654,2024-01-07,16,1,24.99,0.1,22.49,Completed
502718,10928,2024-01-07,12,1,109.99,0.0,0.0,Returned
502930,10470,2024-01-07,23,1,44.99,0.0,44.99,Completed
502916,10579,2024-01-07,20,1,19.99,0.15,16.99,Completed
503092,10095,2024-01-07,2,3,29.99,0.05,85.47,Completed
500052,10645,2024-01-07,19,1,64.99,0.15,55.24,Completed
502192,10992,2024-01-07,20,1,19.99,0.0,19.99,Completed
504577,10989,2024-01-07,15,2,11.99,0.0,23.98,Completed
504963,10393,2024-01-07,12,1,109.99,0.1,98.99,Completed
500603,10909,2024-01-07,22,2,29.99,0.0,59.98,Completed
503025,10653,2024-01-08,21,1,12.99,0.0,12.99,Completed
504860,10819,2024-01-08,28,2,129.99,0.1,233.98,Completed
500519,10506,2024-01-08,19,2,64.99,0.05,123.48,Completed
501252,10586,2024-01-08,27,2,59.99,0.0,119.98,Completed
501197,10673,2024-01-09,22,5,29.99,0.0,149.95,Completed
504052,10368,2024-01-09,12,1,109.99,0.05,104.49,Completed
503682,10744,2024-01-09,12,4,109.99,0.1,395.96,Completed
503042,10202,2024-01-09,26,1,22.99,0.05,0.0,Returned
504857,10936,2024-01-09,13,1,179.99,0.1,161.99,Completed
500267,10102,2024-01-09,26,1,22.99,0.1,20.69,Completed
502290,10624,2024-01-09,19,1,64.99,0.05,61.74,Completed
500486,10480,2024-01-10,23,2,44.99,0.1,80.98,Completed
504841,10600,2024-01-10,27,1,59.99,0.0,59.99,Completed
502028,10806,2024-01-10,17,3,69.99,0.1,188.97,Completed
503374,10059,2024-01-10,4,2,59.99,0.0,119.98,Completed
504368,10387,2024-01-10,14,5,14.99,0.05,71.2,Completed
504022,10635,2024-01-10,6,5,79.99,0.0,399.95,Completed
500972,10855,2024-01-10,29,2,199.99,0.0,399.98,Completed
500910,10870,2024-01-10,2,2,29.99,0.0,59.98,Completed
504090,10830,2024-01-11,16,2,24.99,0.0,49.98,Completed
504163,10368,2024-01-11,30,1,229.99,0.0,229.99,Completed
501396,10930,2024-01-11,29,1,199.99,0.0,199.99,Completed
504829,10424,2024-01-11,11,1,279.99,0.0,279.99,Completed
503065,10008,2024-01-11,15,1,11.99,0.1,10.79,Completed
503309,10962,2024-01-11,21,1,12.99,0.0,12.99,Completed
501233,10908,2024-01-12,8,1,249.99,0.05,237.49,Completed
500286,10915,2024-01-12,19,1,64.99,0.05,61.74,Completed
504506,10425,2024-01-12,19,1,64.99,0.2,51.99,Completed
502853,10078,2024-01-12,10,2,179.99,0.2,287.98,Completed
503061,10176,2024-01-12,15,2,11.99,0.05,22.78,Completed
504764,10470,2024-01-12,18,1,34.99,0.0,34.99,Completed
503311,10331,2024-01-12,16,2,24.99,0.15,42.48,Completed
502276,10519,2024-01-12,26,2,22.99,0.1,41.38,Completed
503446,10548,2024-01-12,18,2,34.99,0.0,69.98,Completed
502622,10767,2024-01-13,12,1,109.99,0.1,98.99,Completed
501878,10697,2024-01-13,27,1,59.99,0.0,59.99,Completed
500801,10059,2024-01-13,26,1,22.99,0.05,21.84,Completed
501353,10458,2024-01-13,15,1,11.99,0.0,11.99,Completed
501003,10512,2024-01-13,15,1,11.99,0.0,11.99,Completed
504276,10812,2024-01-13,16,2,24.99,0.0,49.98,Completed
504053,10936,2024-01-13,15,1,11.99,0.0,11.99,Completed
500557,10908,2024-01-13,20,2,19.99,0.0,39.98,Completed
504353,10541,2024-01-13,22,2,29.99,0.0,59.98,Completed
504102,10654,2024-01-14,8,2,249.99,0.0,499.98,Completed
503692,10788,2024-01-14,29,1,199.99,0.1,179.99,Completed
500344,10005,2024-01-14,25,1,24.99,0.1,22.49,Completed
501694,10219,2024-01-14,28,2,129.99,0.0,259.98,Completed
501213,10638,2024-01-14,10,2,179.99,0.2,287.98,Completed
500721,10780,2024-01-14,21,2,12.99,0.15,22.08,Completed
501053,10046,2024-01-14,26,1,22.99,0.0,22.99,Completed
502103,10975,2024-01-14,24,2,39.99,0.1,71.98,Completed
504119,10593,2024-01-14,26,2,22.99,0.05,43.68,Completed
505000,10283,2024-01-15,12,1,109.99,0.15,93.49,Completed
502823,10155,2024-01-15,12,3,109.99,0.1,296.97,Completed
500493,10468,2024-01-15,22,2,29.99,0.1,53.98,Completed
504166,10485,2024-01-15,24,1,39.99,0.0,39.99,Completed
500578,10095,2024-01-15,22,4,29.99,0.0,119.96,Completed
500271,10009,2024-01-15,25,3,24.99,0.0,74.97,Completed
501948,10269,2024-01-16,22,3,29.99,0.0,89.97,Completed
500905,10228,2024-01-16,26,3,22.99,0.0,68.97,Completed
500263,10830,2024-01-16,15,1,11.99,0.0,11.99,Completed
501372,10660,2024-01-16,19,3,64.99,0.0,194.97,Completed
502643,10662,2024-01-16,30,2,229.99,0.0,459.98,Completed
502169,10458,2024-01-16,6,2,79.99,0.15,135.98,Completed
502720,10671,2024-01-16,14,2,14.99,0.15,25.48,Completed
503339,10312,2024-01-16,4,5,59.99,0.15,254.96,Completed
503964,10962,2024-01-16,20,1,19.99,0.1,17.99,Completed
504524,10442,2024-01-17,30,1,229.99,0.0,229.99,Completed
504922,10129,2024-01-17,30,1,229.99,0.1,206.99,Completed
501668,10352,2024-01-17,17,2,69.99,0.0,139.98,Completed
502700,10582,2024-01-17,26,2,22.99,0.05,0.0,Returned
502567,10768,2024-01-17,18,1,34.99,0.1,31.49,Completed
504174,10102,2024-01-17,21,4,12.99,0.0,51.96,Completed
501788,10035,2024-01-17,22,1,29.99,0.0,29.99,Completed
500803,10134,2024-01-18,18,1,34.99,0.0,34.99,Completed
501293,10955,2024-01-18,8,2,249.99,0.0,499.98,Completed
502448,10572,2024-01-18,30,1,229.99,0.05,218.49,Completed
501169,10649,2024-01-18,20,4,19.99,0.05,75.96,Completed
501558,10684,2024-01-19,2,2,29.99,0.1,53.98,Completed
503887,10040,2024-01-19,23,1,44.99,0.1,0.0,Returned
501179,10946,2024-01-19,23,1,44.99,0.0,44.99,Completed
501632,10076,2024-01-19,14,2,14.99,0.0,29.98,Completed
501674,10271,2024-01-19,23,1,44.99,0.0,44.99,Completed
504837,10689,2024-01-19,25,1,24.99,0.0,24.99,Completed
500170,10641,2024-01-19,30,1,229.99,0.15,195.49,Completed
501231,10719,2024-01-19,14,1,14.99,0.05,14.24,Completed
503997,10021,2024-01-20,7,2,39.99,0.05,75.98,Completed
503873,10936,2024-01-20,17,1,69.99,0.0,69.99,Completed
502609,10743,2024-01-20,26,1,22.99,0.0,22.99,Completed
503757,10594,2024-01-20,23,1,44.99,0.0,44.99,Completed
504799,10540,2024-01-20,24,1,39.99,0.0,39.99,Completed
501263,10010,2024-01-20,15,3,11.99,0.0,35.97,Completed
500005,10156,2024-01-20,26,1,22.99,0.0,22.99,Completed
503171,10387,2024-01-20,21,1,12.99,0.0,12.99,Completed
500628,10993,2024-01-21,6,1,79.99,0.1,71.99,Completed
500479,10040,2024-01-21,25,1,24.99,0.05,23.74,Completed
504782,10945,2024-01-21,16,3,24.99,0.0,74.97,Completed
502241,10437,2024-01-21,14,2,14.99,0.0,29.98,Completed
502723,10191,2024-01-21,25,2,24.99,0.1,44.98,Completed
501995,10633,2024-01-21,29,2,199.99,0.0,399.98,Completed
502821,10595,2024-01-21,1,3,49.99,0.15,0.0,Returned
500735,10654,2024-01-22,25,1,24.99,0.0,24.99,Completed
500208,10200,2024-01-22,25,1,24.99,0.1,22.49,Completed
503084,10715,2024-01-22,14,1,14.99,0.0,0.0,Returned
502971,10537,2024-01-22,26,2,22.99,0.05,43.68,Completed
503473,10472,2024-01-22,20,1,19.99,0.0,19.99,Completed
503126,10949,2024-01-23,22,1,29.99,0.15,25.49,Completed
504929,10319,2024-01-23,15,3,11.99,0.0,35.97,Completed
503830,10143,2024-01-23,29,2,199.99,0.05,379.98,Completed
503465,10992,2024-01-23,15,1,11.99,0.0,0.0,Returned
504641,10790,2024-01-23,3,4,89.99,0.1,323.96,Completed
504606,10356,2024-01-23,6,1,79.99,0.0,79.99,Completed
504339,10845,2024-01-23,3,1,89.99,0.1,80.99,Completed
504048,10798,2024-01-23,14,4,14.99,0.05,56.96,Completed
503243,10718,2024-01-23,27,1,59.99,0.0,59.99,Completed
502525,10104,2024-01-24,21,3,12.99,0.0,38.97,Completed
503555,10785,2024-01-24,21,3,12.99,0.1,35.07,Completed
502877,10882,2024-01-24,26,1,22.99,0.0,22.99,Completed
500684,10100,2024-01-24,7,2,39.99,0.0,79.98,Completed
502757,10929,2024-01-24,1,1,49.99,0.1,44.99,Completed
504877,10164,2024-01-25,20,2,19.99,0.0,39.98,Completed
501301,10602,2024-01-25,26,1,22.99,0.0,22.99,Completed
500297,10237,2024-01-25,7,2,39.99,0.0,79.98,Completed
504431,10176,2024-01-25,20,1,19.99,0.05,18.99,Completed
500214,10801,2024-01-25,3,1,89.99,0.15,76.49,Completed
502761,10903,2024-01-25,18,1,34.99,0.0,34.99,Completed
501624,10279,2024-01-25,16,1,24.99,0.0,24.99,Completed
500466,10010,2024-01-25,25,1,24.99,0.05,23.74,Completed
502617,10809,2024-01-26,6,1,79.99,0.0,79.99,Completed
502743,10624,2024-01-26,19,3,64.99,0.0,194.97,Completed
502045,10452,2024-01-26,18,1,34.99,0.0,34.99,Completed
502421,10624,2024-01-26,21,1,12.99,0.05,12.34,Completed
502381,10547,2024-01-26,22,1,29.99,0.05,28.49,Completed
503586,10400,2024-01-26,25,4,24.99,0.0,99.96,Completed
501398,10762,2024-01-26,22,1,29.99,0.0,29.99,Completed
500001,10033,2024-01-26,25,1,24.99,0.0,24.99,Completed
500932,10237,2024-01-27,12,2,109.99,0.0,219.98,Completed
502422,10919,2024-01-27,26,1,22.99,0.2,18.39,Completed
500694,10973,2024-01-27,1,1,49.99,0.0,49.99,Completed
501729,10119,2024-01-27,6,1,79.99,0.0,79.99,Completed
501481,10891,2024-01-28,21,1,12.99,0.1,11.69,Completed
504631,10559,2024-01-28,16,1,24.99,0.05,23.74,Completed
500434,10812,2024-01-28,6,2,79.99,0.0,159.98,Completed
503700,10492,2024-01-28,27,2,59.99,0.0,119.98,Completed
504172,10516,2024-01-28,17,1,69.99,0.0,69.99,Completed
502205,10514,2024-01-28,4,2,59.99,0.0,119.98,Completed
500244,10825,2024-01-29,20,1,19.99,0.1,17.99,Completed
503337,10997,2024-01-29,16,1,24.99,0.0,24.99,Completed
502532,10302,2024-01-29,14,2,14.99,0.1,26.98,Completed
504918,10388,2024-01-29,13,1,179.99,0.0,179.99,Completed
502341,10360,2024-01-29,7,2,39.99,0.0,79.98,Completed
502516,10667,2024-01-29,4,1,59.99,0.15,50.99,Completed
501988,10475,2024-01-29,27,2,59.99,0.15,101.98,Completed
502293,10335,2024-01-29,16,1,24.99,0.0,24.99,Completed
504229,10996,2024-01-30,19,2,64.99,0.05,123.48,Completed
501586,10372,2024-01-30,19,1,64.99,0.05,61.74,Completed
503878,10963,2024-01-31,4,2,59.99,0.0,119.98,Completed
500136,10241,2024-01-31,8,1,249.99,0.1,224.99,Completed
504702,10376,2024-01-31,16,1,24.99,0.05,23.74,Completed
502363,10516,2024-01-31,16,4,24.99,0.0,99.96,Completed
504190,10053,2024-01-31,2,2,29.99,0.0,59.98,Completed
502081,10271,2024-01-31,25,3,24.99,0.0,74.97,Completed
503132,10005,2024-01-31,15,1,11.99,0.0,11.99,Completed
502595,10658,2024-01-31,14,1,14.99,0.0,14.99,Completed
504826,10387,2024-01-31,5,3,149.99,0.05,427.47,Completed
502334,10554,2024-02-01,9,2,399.99,0.0,799.98,Completed
500961,10611,2024-02-01,26,3,22.99,0.0,68.97,Completed
502281,10611,2024-02-01,18,2,34.99,0.05,66.48,Completed
500988,10679,2024-02-01,17,1,69.99,0.0,69.99,Completed
504508,10828,2024-02-01,27,1,59.99,0.15,50.99,Completed
504909,10457,2024-02-02,28,1,129.99,0.15,110.49,Completed
500175,10934,2024-02-02,14,3,14.99,0.0,44.97,Completed
503998,10968,2024-02-02,15,1,11.99,0.0,11.99,Completed
504864,10445,2024-02-02,19,2,64.99,0.0,129.98,Completed
502493,10536,2024-02-03,17,3,69.99,0.15,178.47,Completed
503239,10191,2024-02-03,11,2,279.99,0.0,559.98,Completed
500644,10610,2024-02-04,21,4,12.99,0.2,41.57,Completed
500454,10716,2024-02-04,16,1,24.99,0.0,24.99,Completed
500341,10894,2024-02-04,2,1,29.99,0.05,0.0,Returned
500245,10045,2024-02-04,11,1,279.99,0.0,279.99,Completed
503312,10530,2024-02-04,13,2,179.99,0.05,341.98,Completed
502213,10226,2024-02-05,23,3,44.99,0.0,0.0,Returned
504824,10798,2024-02-06,21,1,12.99,0.0,0.0,Returned
502766,10040,2024-02-06,4,2,59.99,0.0,119.98,Completed
503649,10869,2024-02-06,29,2,199.99,0.05,379.98,Completed
500366,10135,2024-02-06,7,4,39.99,0.05,151.96,Completed
501548,10104,2024-02-06,30,1,229.99,0.05,218.49,Completed
504890,10269,2024-02-07,17,2,69.99,0.0,139.98,Completed
504430,10894,2024-02-07,14,2,14.99,0.0,29.98,Completed
503030,10932,2024-02-07,4,2,59.99,0.0,119.98,Completed
502612,10066,2024-02-07,15,5,11.99,0.15,50.96,Completed
501739,10530,2024-02-07,16,1,24.99,0.0,24.99,Completed
502246,10044,2024-02-08,10,2,179.99,0.05,341.98,Completed
501985,10932,2024-02-08,25,1,24.99,0.0,24.99,Completed
503230,10728,2024-02-08,5,4,149.99,0.0,599.96,Completed
500142,10504,2024-02-08,15,2,11.99,0.0,23.98,Completed
504746,10484,2024-02-08,14,1,14.99,0.05,14.24,Completed
501291,10530,2024-02-08,27,3,59.99,0.05,0.0,Returned
504919,10764,2024-02-08,5,1,149.99,0.0,149.99,Completed
502955,10711,2024-02-08,6,4,79.99,0.1,287.96,Completed
502189,10244,2024-02-08,25,1,24.99,0.1,22.49,Completed
501389,10422,2024-02-09,26,1,22.99,0.05,21.84,Completed
501886,10785,2024-02-09,13,1,179.99,0.0,179.99,Completed
504961,10364,2024-02-10,15,1,11.99,0.0,11.99,Completed
502949,10248,2024-02-10,5,1,149.99,0.15,127.49,Completed
504045,10887,2024-02-10,6,2,79.99,0.05,151.98,Completed
504673,10663,2024-02-10,14,1,14.99,0.1,13.49,Completed
501018,10929,2024-02-10,19,2,64.99,0.0,129.98,Completed
500471,10010,2024-02-11,6,1,79.99,0.0,79.99,Completed
501570,10501,2024-02-11,14,2,14.99,0.15,25.48,Completed
502120,10617,2024-02-11,21,1,12.99,0.05,12.34,Completed
503575,10437,2024-02-11,27,2,59.99,0.0,119.98,Completed
501439,10878,2024-02-11,21,2,12.99,0.05,24.68,Completed
501665,10492,2024-02-11,8,1,249.99,0.1,0.0,Cancelled
504763,10603,2024-02-11,1,1,49.99,0.05,47.49,Completed
502891,10969,2024-02-11,1,1,49.99,0.0,49.99,Completed
501337,10926,2024-02-11,18,1,34.99,0.0,34.99,Completed
500013,10900,2024-02-11,27,1,59.99,0.15,50.99,Completed
503664,10790,2024-02-11,4,1,59.99,0.05,56.99,Completed
503769,10697,2024-02-12,15,1,11.99,0.15,10.19,Completed
500964,10317,2024-02-12,17,3,69.99,0.15,178.47,Completed
502013,10562,2024-02-12,25,5,24.99,0.05,118.7,Completed
503529,10106,2024-02-12,2,1,29.99,0.1,26.99,Completed
503958,10010,2024-02-12,10,2,179.99,0.05,341.98,Completed
504295,10720,2024-02-13,29,1,199.99,0.0,199.99,Completed
504688,10278,2024-02-13,3,2,89.99,0.2,143.98,Completed
500166,10855,2024-02-13,15,1,11.99,0.05,11.39,Completed
500931,10775,2024-02-13,4,5,59.99,0.05,284.95,Completed
501537,10821,2024-02-13,17,1,69.99,0.1,62.99,Completed
503252,10179,2024-02-13,20,2,19.99,0.05,37.98,Completed
503257,10696,2024-02-14,12,2,109.99,0.05,208.98,Completed
500477,10611,2024-02-14,1,1,49.99,0.0,49.99,Completed
501800,10926,2024-02-14,7,1,39.99,0.0,39.99,Completed
501552,10089,2024-02-14,26,2,22.99,0.1,0.0,Cancelled
500924,10361,2024-02-14,9,2,399.99,0.1,719.98,Completed
503224,10725,2024-02-15,10,2,179.99,0.2,287.98,Completed
503411,10941,2024-02-15,22,1,29.99,0.0,29.99,Completed
502157,10620,2024-02-15,11,1,279.99,0.0,279.99,Completed
504475,10414,2024-02-15,8,2,249.99,0.0,499.98,Completed
501998,10180,2024-02-15,21,4,12.99,0.0,51.96,Completed
501093,10458,2024-02-15,30,1,229.99,0.1,206.99,Completed
504361,10608,2024-02-15,1,3,49.99,0.1,134.97,Completed
500038,10546,2024-02-15,8,3,249.99,0.05,712.47,Completed
502874,10393,2024-02-16,5,2,149.99,0.0,299.98,Completed
503141,10612,2024-02-16,22,1,29.99,0.1,26.99,Completed
504982,10585,2024-02-16,12,2,109.99,0.15,0.0,Cancelled
504350,10884,2024-02-16,2,3,29.99,0.15,76.47,Completed
503911,10900,2024-02-16,27,1,59.99,0.0,59.99,Completed
504595,10892,2024-02-16,5,2,149.99,0.0,299.98,Completed
501724,10812,2024-02-16,7,1,39.99,0.05,37.99,Completed
502055,10885,2024-02-16,8,1,249.99,0.0,249.99,Completed
503831,10604,2024-02-16,2,1,29.99,0.0,29.99,Completed
502364,10483,2024-02-16,13,1,179.99,0.15,152.99,Completed
503619,10693,2024-02-17,25,1,24.99,0.0,24.99,Completed
504441,10778,2024-02-17,23,2,44.99,0.0,89.98,Completed
500482,10744,2024-02-17,13,1,179.99,0.15,152.99,Completed
501928,10567,2024-02-18,3,2,89.99,0.0,179.98,Completed
504456,10920,2024-02-18,5,2,149.99,0.1,269.98,Completed
503295,10109,2024-02-18,24,4,39.99,0.0,159.96,Completed
502034,10752,2024-02-18,16,2,24.99,0.1,0.0,Returned
502193,10984,2024-02-18,3,2,89.99,0.1,161.98,Completed
504023,10076,2024-02-18,16,1,24.99,0.2,19.99,Completed
501588,10036,2024-02-18,6,1,79.99,0.0,79.99,Completed
501086,10790,2024-02-18,16,2,24.99,0.0,49.98,Completed
502459,10092,2024-02-19,4,1,59.99,0.1,53.99,Completed
500413,10500,2024-02-19,22,3,29.99,0.0,0.0,Cancelled
500687,10554,2024-02-19,2,1,29.99,0.0,29.99,Completed
501175,10276,2024-02-20,17,1,69.99,0.1,62.99,Completed
501280,10458,2024-02-20,14,1,14.99,0.0,14.99,Completed
504279,10709,2024-02-20,25,3,24.99,0.0,74.97,Completed
502491,10989,2024-02-20,14,1,14.99,0.0,14.99,Completed
502017,10858,2024-02-20,4,1,59.99,0.0,59.99,Completed
501512,10906,2024-02-20,11,1,279.99,0.1,251.99,Completed
504061,10802,2024-02-20,23,1,44.99,0.05,42.74,Completed
503478,10390,2024-02-20,4,3,59.99,0.0,179.97,Completed
504633,10701,2024-02-20,8,2,249.99,0.0,499.98,Completed
502489,10871,2024-02-21,25,1,24.99,0.1,22.49,Completed
504170,10445,2024-02-21,21,2,12.99,0.05,24.68,Completed
504054,10151,2024-02-21,15,2,11.99,0.05,22.78,Completed
503153,10845,2024-02-21,3,2,89.99,0.2,143.98,Completed
500827,10895,2024-02-21,23,1,44.99,0.0,44.99,Completed
504621,10771,2024-02-21,26,1,22.99,0.15,19.54,Completed
502325,10809,2024-02-21,20,1,19.99,0.1,17.99,Completed
501828,10336,2024-02-21,12,1,109.99,0.0,109.99,Completed
500026,10244,2024-02-21,4,1,59.99,0.0,59.99,Completed
503381,10664,2024-02-21,18,1,34.99,0.05,33.24,Completed
501929,10722,2024-02-21,13,2,179.99,0.0,359.98,Completed
502923,10760,2024-02-22,18,2,34.99,0.0,69.98,Completed
504185,10650,2024-02-22,23,2,44.99,0.05,85.48,Completed
500235,10014,2024-02-22,27,2,59.99,0.15,101.98,Completed
503070,10200,2024-02-22,29,2,199.99,0.0,399.98,Completed
503903,10145,2024-02-22,2,3,29.99,0.1,80.97,Completed
503783,10502,2024-02-22,15,2,11.99,0.1,21.58,Completed
502774,10439,2024-02-22,26,3,22.99,0.05,0.0,Cancelled
500886,10503,2024-02-23,27,2,59.99,0.1,107.98,Completed
504187,10872,2024-02-23,30,2,229.99,0.05,436.98,Completed
503238,10041,2024-02-23,23,1,44.99,0.0,44.99,Completed
503763,10295,2024-02-23,22,2,29.99,0.05,56.98,Completed
500065,10623,2024-02-23,3,1,89.99,0.1,80.99,Completed
504003,10228,2024-02-24,27,2,59.99,0.1,107.98,Completed
501645,10377,2024-02-24,5,3,149.99,0.0,449.97,Completed
504693,10325,2024-02-24,1,1,49.99,0.05,47.49,Completed
501569,10683,2024-02-24,13,1,179.99,0.0,179.99,Completed
504445,10362,2024-02-25,10,2,179.99,0.0,359.98,Completed
503075,10997,2024-02-25,17,1,69.99,0.05,66.49,Completed
500799,10453,2024-02-25,6,1,79.99,0.05,75.99,Completed
504923,10365,2024-02-25,24,4,39.99,0.1,143.96,Completed
503513,10322,2024-02-25,12,3,109.99,0.1,296.97,Completed
503408,10271,2024-02-25,14,1,14.99,0.0,14.99,Completed
503589,10447,2024-02-25,17,1,69.99,0.0,69.99,Completed
501847,10023,2024-02-25,11,1,279.99,0.0,279.99,Completed
504208,10005,2024-02-25,6,1,79.99,0.0,79.99,Completed
502209,10281,2024-02-25,3,1,89.99,0.2,71.99,Completed
500985,10951,2024-02-25,7,2,39.99,0.1,71.98,Completed
500309,10880,2024-02-25,16,2,24.99,0.0,49.98,Completed
501289,10068,2024-02-26,14,3,14.99,0.05,42.72,Completed
503520,10497,2024-02-26,23,3,44.99,0.0,134.97,Completed
503453,10357,2024-02-26,15,1,11.99,0.1,10.79,Completed
501696,10079,2024-02-26,9,1,399.99,0.0,399.99,Completed
501347,10981,2024-02-26,8,2,249.99,0.0,499.98,Completed
504033,10610,2024-02-26,28,1,129.99,0.1,116.99,Completed
501630,10383,2024-02-26,2,1,29.99,0.05,0.0,Cancelled
501302,10244,2024-02-26,29,1,199.99,0.0,199.99,Completed
501885,10761,2024-02-26,29,2,199.99,0.05,379.98,Completed
504471,10747,2024-02-26,30,1,229.99,0.1,206.99,Completed
502684,10143,2024-02-26,14,2,14.99,0.1,26.98,Completed
504192,10290,2024-02-27,20,2,19.99,0.15,33.98,Completed
502605,10251,2024-02-27,15,1,11.99,0.0,11.99,Completed
500436,10263,2024-02-27,25,1,24.99,0.1,22.49,Completed
502944,10064,2024-02-27,17,1,69.99,0.0,69.99,Completed
501591,10250,2024-02-27,17,3,69.99,0.0,209.97,Completed
502123,10182,2024-02-27,20,3,19.99,0.0,59.97,Completed
502369,10271,2024-02-27,7,1,39.99,0.0,39.99,Completed
502079,10665,2024-02-27,2,1,29.99,0.0,29.99,Completed
500921,10667,2024-02-27,10,2,179.99,0.0,359.98,Completed
504954,10045,2024-02-28,23,3,44.99,0.0,134.97,Completed
504850,10201,2024-02-28,21,2,12.99,0.1,23.38,Completed
500636,10456,2024-02-28,14,1,14.99,0.2,11.99,Completed
503967,10297,2024-02-28,4,2,59.99,0.0,119.98,Completed
502261,10990,2024-02-28,13,1,179.99,0.0,179.99,Completed
500785,10093,2024-02-28,4,1,59.99,0.0,59.99,Completed
502798,10451,2024-02-28,25,1,24.99,0.05,23.74,Completed
501501,10020,2024-02-28,23,4,44.99,0.05,170.96,Completed
504609,10125,2024-02-28,20,1,19.99,0.1,17.99,Completed
504425,10425,2024-02-29,15,3,11.99,0.0,35.97,Completed
502672,10535,2024-02-29,26,2,22.99,0.05,43.68,Completed
503683,10526,2024-02-29,21,1,12.99,0.0,12.99,Completed
504373,10641,2024-02-29,19,1,64.99,0.1,58.49,Completed
504682,10557,2024-03-01,12,3,109.99,0.0,329.97,Completed
504502,10886,2024-03-01,14,3,14.99,0.1,40.47,Completed
500885,10438,2024-03-01,4,4,59.99,0.0,239.96,Completed
504004,10605,2024-03-01,12,1,109.99,0.1,0.0,Returned
504761,10958,2024-03-02,20,2,19.99,0.15,33.98,Completed
502311,10986,2024-03-02,19,1,64.99,0.05,61.74,Completed
503145,10053,2024-03-02,15,4,11.99,0.0,47.96,Completed
503689,10795,2024-03-02,15,1,11.99,0.1,10.79,Completed
502347,10377,2024-03-02,30,1,229.99,0.15,195.49,Completed
501555,10155,2024-03-02,30,2,229.99,0.0,459.98,Completed
503969,10109,2024-03-03,3,1,89.99,0.0,89.99,Completed
501472,10440,2024-03-03,14,2,14.99,0.0,29.98,Completed
504546,10986,2024-03-03,13,1,179.99,0.0,179.99,Completed
502911,10818,2024-03-03,17,1,69.99,0.0,69.99,Completed
501987,10879,2024-03-04,14,3,14.99,0.1,40.47,Completed
502541,10260,2024-03-04,19,1,64.99,0.0,64.99,Completed
500395,10827,2024-03-04,22,1,29.99,0.0,0.0,Returned
503985,10920,2024-03-04,15,1,11.99,0.05,11.39,Completed
504421,10450,2024-03-04,18,1,34.99,0.0,34.99,Completed
500840,10952,2024-03-05,3,1,89.99,0.0,89.99,Completed
503534,10804,2024-03-05,13,1,179.99,0.05,170.99,Completed
500889,10242,2024-03-05,8,1,249.99,0.0,249.99,Completed
504388,10805,2024-03-05,16,1,24.99,0.0,24.99,Completed
503052,10188,2024-03-05,26,1,22.99,0.15,19.54,Completed
504488,10937,2024-03-05,29,3,199.99,0.2,479.98,Completed
503715,10191,2024-03-05,26,2,22.99,0.0,45.98,Completed
500391,10788,2024-03-05,18,2,34.99,0.0,69.98,Completed
503729,10226,2024-03-05,23,2,44.99,0.0,89.98,Completed
503995,10222,2024-03-06,10,1,179.99,0.0,179.99,Completed
501904,10308,2024-03-06,15,2,11.99,0.05,22.78,Completed
500331,10693,2024-03-06,16,1,24.99,0.15,21.24,Completed
502731,10140,2024-03-06,10,3,179.99,0.0,539.97,Completed
500149,10484,2024-03-06,23,3,44.99,0.0,134.97,Completed
501999,10072,2024-03-06,22,1,29.99,0.1,26.99,Completed
503422,10919,2024-03-06,29,4,199.99,0.05,759.96,Completed
501861,10228,2024-03-06,24,2,39.99,0.0,0.0,Cancelled
502240,10981,2024-03-06,23,3,44.99,0.0,134.97,Completed
504724,10118,2024-03-07,26,2,22.99,0.1,41.38,Completed
504651,10885,2024-03-07,21,1,12.99,0.15,11.04,Completed
500520,10110,2024-03-07,14,2,14.99,0.05,28.48,Completed
504926,10050,2024-03-07,10,1,179.99,0.0,179.99,Completed
504624,10788,2024-03-07,21,1,12.99,0.0,12.99,Completed
502132,10141,2024-03-07,30,4,229.99,0.0,919.96,Completed
504203,10537,2024-03-07,29,3,199.99,0.0,0.0,Cancelled
502850,10715,2024-03-07,2,1,29.99,0.0,29.99,Completed
500253,10093,2024-03-07,22,5,29.99,0.05,142.45,Completed
500825,10860,2024-03-08,19,4,64.99,0.1,233.96,Completed
502231,10782,2024-03-08,19,1,64.99,0.05,61.74,Completed
504629,10565,2024-03-08,4,1,59.99,0.15,0.0,Returned
501767,10602,2024-03-08,19,1,64.99,0.05,61.74,Completed
503803,10420,2024-03-08,26,2,22.99,0.05,43.68,Completed
500317,10442,2024-03-08,9,1,399.99,0.1,359.99,Completed
501125,10675,2024-03-08,3,2,89.99,0.0,179.98,Completed
501413,10492,2024-03-08,9,1,399.99,0.0,399.99,Completed
502635,10245,2024-03-09,21,1,12.99,0.0,12.99,Completed
501486,10890,2024-03-09,19,3,64.99,0.05,185.22,Completed
502833,10546,2024-03-09,15,2,11.99,0.1,21.58,Completed
502584,10820,2024-03-09,1,2,49.99,0.15,84.98,Completed
504448,10605,2024-03-09,14,2,14.99,0.05,28.48,Completed
500940,10337,2024-03-09,18,3,34.99,0.1,94.47,Completed
502580,10291,2024-03-09,12,2,109.99,0.0,219.98,Completed
504968,10673,2024-03-09,8,3,249.99,0.0,749.97,Completed
500752,10458,2024-03-09,7,2,39.99,0.0,79.98,Completed
502284,10917,2024-03-09,25,1,24.99,0.15,21.24,Completed
501590,10910,2024-03-09,12,2,109.99,0.1,197.98,Completed
500506,10604,2024-03-09,24,4,39.99,0.0,159.96,Completed
501187,10240,2024-03-09,10,2,179.99,0.1,0.0,Returned
502468,10238,2024-03-10,25,2,24.99,0.05,47.48,Completed
501288,10711,2024-03-10,14,4,14.99,0.0,59.96,Completed
500481,10030,2024-03-10,21,1,12.99,0.0,12.99,Completed
501905,10879,2024-03-10,27,1,59.99,0.0,59.99,Completed
504407,10044,2024-03-10,15,3,11.99,0.0,35.97,Completed
501919,10512,2024-03-10,17,3,69.99,0.1,188.97,Completed
501111,10300,2024-03-11,27,1,59.99,0.0,59.99,Completed
501614,10343,2024-03-11,14,1,14.99,0.15,12.74,Completed
501176,10836,2024-03-11,21,3,12.99,0.05,37.02,Completed
502376,10616,2024-03-11,14,3,14.99,0.0,44.97,Completed
501443,10359,2024-03-11,21,2,12.99,0.0,25.98,Completed
500816,10600,2024-03-11,26,1,22.99,0.1,20.69,Completed
503522,10057,2024-03-11,16,1,24.99,0.15,21.24,Completed
500116,10125,2024-03-11,1,1,49.99,0.0,49.99,Completed
503675,10086,2024-03-11,14,1,14.99,0.0,14.99,Completed
502437,10497,2024-03-12,14,4,14.99,0.05,56.96,Completed
502465,10225,2024-03-12,11,2,279.99,0.05,531.98,Completed
504794,10611,2024-03-12,17,3,69.99,0.0,209.97,Completed
504134,10761,2024-03-12,29,2,199.99,0.0,399.98,Completed
504566,10982,2024-03-12,25,1,24.99,0.0,24.99,Completed
500538,10328,2024-03-13,27,1,59.99,0.1,53.99,Completed
502254,10353,2024-03-13,8,4,249.99,0.0,999.96,Completed
504000,10820,2024-03-13,3,1,89.99,0.1,80.99,Completed
502107,10989,2024-03-13,12,4,109.99,0.05,0.0,Returned
502125,10657,2024-03-13,21,1,12.99,0.05,12.34,Completed
503920,10155,2024-03-13,21,2,12.99,0.0,25.98,Completed
501052,10388,2024-03-13,29,1,199.99,0.0,0.0,Returned
504359,10040,2024-03-13,22,2,29.99,0.1,53.98,Completed
504267,10866,2024-03-13,8,2,249.99,0.0,499.98,Completed
502698,10713,2024-03-13,8,1,249.99,0.0,249.99,Completed
501011,10006,2024-03-14,7,3,39.99,0.1,107.97,Completed
500536,10110,2024-03-14,27,1,59.99,0.0,59.99,Completed
504393,10237,2024-03-14,13,1,179.99,0.1,161.99,Completed
502961,10532,2024-03-14,5,3,149.99,0.0,449.97,Completed
504709,10937,2024-03-14,21,1,12.99,0.05,12.34,Completed
504501,10947,2024-03-14,21,1,12.99,0.05,12.34,Completed
504137,10620,2024-03-14,6,1,79.99,0.15,67.99,Completed
502282,10364,2024-03-14,2,1,29.99,0.15,25.49,Completed
501812,10776,2024-03-14,18,1,34.99,0.0,34.99,Completed
500980,10551,2024-03-14,1,2,49.99,0.0,99.98,Completed
501438,10911,2024-03-15,8,2,249.99,0.0,0.0,Returned
503819,10741,2024-03-15,8,1,249.99,0.0,249.99,Completed
502819,10281,2024-03-15,22,1,29.99,0.0,29.99,Completed
503334,10022,2024-03-15,2,1,29.99,0.1,26.99,Completed
500049,10900,2024-03-15,28,2,129.99,0.05,246.98,Completed
502182,10135,2024-03-15,14,1,14.99,0.1,13.49,Completed
500622,10505,2024-03-15,26,1,22.99,0.0,22.99,Completed
502308,10919,2024-03-15,23,1,44.99,0.0,44.99,Completed
500443,10918,2024-03-15,10,1,179.99,0.0,179.99,Completed
500357,10534,2024-03-16,22,3,29.99,0.1,80.97,Completed
502572,10407,2024-03-16,7,1,39.99,0.0,39.99,Completed
504278,10528,2024-03-16,12,2,109.99,0.05,208.98,Completed
504039,10984,2024-03-16,27,1,59.99,0.1,53.99,Completed
501716,10632,2024-03-16,16,1,24.99,0.2,19.99,Completed
502030,10291,2024-03-16,18,3,34.99,0.05,99.72,Completed
503922,10098,2024-03-16,14,1,14.99,0.1,13.49,Completed
503933,10788,2024-03-17,21,1,12.99,0.1,11.69,Completed
503923,10224,2024-03-17,28,1,129.99,0.05,0.0,Returned
504980,10526,2024-03-17,22,1,29.99,0.05,28.49,Completed
500003,10010,2024-03-17,23,2,44.99,0.0,89.98,Completed
504994,10876,2024-03-17,12,1,109.99,0.0,109.99,Completed
503347,10849,2024-03-17,12,1,109.99,0.0,109.99,Completed
503932,10973,2024-03-17,26,1,22.99,0.0,22.99,Completed
502817,10426,2024-03-18,15,1,11.99,0.0,0.0,Returned
501159,10035,2024-03-18,5,1,149.99,0.1,134.99,Completed
500625,10076,2024-03-18,27,3,59.99,0.15,152.97,Completed
501584,10397,2024-03-18,7,1,39.99,0.1,35.99,Completed
501805,10302,2024-03-18,3,1,89.99,0.0,89.99,Completed
500509,10035,2024-03-19,17,1,69.99,0.05,66.49,Completed
503423,10758,2024-03-19,8,3,249.99,0.05,712.47,Completed
501143,10765,2024-03-19,14,1,14.99,0.0,14.99,Completed
500811,10127,2024-03-19,11,1,279.99,0.05,265.99,Completed
502679,10140,2024-03-19,26,4,22.99,0.05,0.0,Returned
500078,10252,2024-03-19,21,4,12.99,0.05,49.36,Completed
503477,10098,2024-03-19,4,1,59.99,0.05,0.0,Cancelled
503036,10287,2024-03-19,26,3,22.99,0.05,65.52,Completed
502488,10211,2024-03-19,5,1,149.99,0.05,142.49,Completed
500950,10414,2024-03-19,26,4,22.99,0.0,91.96,Completed
500692,10945,2024-03-19,3,1,89.99,0.0,89.99,Completed
501065,10416,2024-03-19,25,1,24.99,0.0,24.99,Completed
503187,10842,2024-03-19,22,3,29.99,0.0,89.97,Completed
500711,10858,2024-03-19,23,1,44.99,0.05,42.74,Completed
504486,10892,2024-03-20,24,1,39.99,0.0,39.99,Completed
501518,10612,2024-03-20,19,1,64.99,0.0,64.99,Completed
504515,10155,2024-03-20,16,1,24.99,0.1,22.49,Completed
504701,10100,2024-03-20,10,1,179.99,0.0,179.99,Completed
503322,10326,2024-03-20,24,3,39.99,0.0,119.97,Completed
503082,10210,2024-03-20,4,2,59.99,0.0,119.98,Completed
504587,10641,2024-03-20,14,1,14.99,0.05,14.24,Completed
501619,10426,2024-03-20,24,1,39.99,0.05,0.0,Returned
504540,10722,2024-03-21,13,2,179.99,0.05,341.98,Completed
501679,10095,2024-03-21,3,3,89.99,0.0,269.97,Completed
501234,10351,2024-03-21,2,1,29.99,0.0,29.99,Completed
500913,10780,2024-03-21,1,2,49.99,0.05,94.98,Completed
504969,10860,2024-03-21,28,4,129.99,0.0,519.96,Completed
501732,10740,2024-03-22,6,2,79.99,0.0,159.98,Completed
504760,10901,2024-03-22,3,2,89.99,0.05,170.98,Completed
502140,10396,2024-03-22,18,1,34.99,0.0,34.99,Completed
500782,10068,2024-03-22,18,1,34.99,0.05,33.24,Completed
503547,10482,2024-03-22,23,1,44.99,0.0,44.99,Completed
501945,10480,2024-03-22,21,4,12.99,0.0,51.96,Completed
501050,10278,2024-03-22,9,1,399.99,0.05,379.99,Completed
500716,10780,2024-03-22,9,1,399.99,0.05,379.99,Completed
504290,10238,2024-03-22,25,2,24.99,0.05,47.48,Completed
502303,10609,2024-03-22,1,2,49.99,0.0,0.0,Returned
503643,10691,2024-03-22,17,4,69.99,0.1,251.96,Completed
500847,10756,2024-03-23,27,3,59.99,0.1,0.0,Returned
503282,10552,2024-03-23,5,1,149.99,0.0,149.99,Completed
502424,10126,2024-03-23,7,3,39.99,0.05,113.97,Completed
504032,10677,2024-03-23,29,1,199.99,0.05,189.99,Completed
504248,10904,2024-03-23,20,1,19.99,0.05,18.99,Completed
501541,10264,2024-03-24,23,1,44.99,0.0,44.99,Completed
502792,10312,2024-03-24,2,1,29.99,0.1,26.99,Completed
504808,10641,2024-03-24,27,5,59.99,0.1,269.96,Completed
501875,10308,2024-03-24,20,2,19.99,0.0,39.98,Completed
503944,10771,2024-03-24,14,3,14.99,0.0,44.97,Completed
501180,10239,2024-03-24,23,1,44.99,0.0,44.99,Completed
502091,10722,2024-03-24,20,4,19.99,0.2,63.97,Completed
503528,10864,2024-03-24,25,5,24.99,0.1,112.46,Completed
503841,10311,2024-03-25,18,2,34.99,0.0,69.98,Completed
500217,10356,2024-03-25,18,3,34.99,0.05,99.72,Completed
503130,10272,2024-03-25,22,2,29.99,0.0,59.98,Completed
504790,10266,2024-03-25,6,1,79.99,0.0,79.99,Completed
501226,10504,2024-03-25,14,4,14.99,0.1,53.96,Completed
502033,10761,2024-03-25,2,3,29.99,0.0,89.97,Completed
500389,10157,2024-03-25,11,1,279.99,0.05,265.99,Completed
500388,10623,2024-03-25,11,2,279.99,0.0,559.98,Completed
501585,10790,2024-03-25,18,3,34.99,0.0,104.97,Completed
502582,10499,2024-03-25,4,1,59.99,0.0,59.99,Completed
502826,10947,2024-03-26,16,3,24.99,0.0,74.97,Completed
504232,10507,2024-03-26,12,1,109.99,0.0,109.99,Completed
503210,10047,2024-03-26,6,2,79.99,0.0,159.98,Completed
501273,10731,2024-03-26,25,1,24.99,0.1,22.49,Completed
502772,10792,2024-03-26,14,1,14.99,0.0,14.99,Completed
501142,10836,2024-03-27,19,2,64.99,0.05,123.48,Completed
501946,10886,2024-03-27,17,1,69.99,0.15,59.49,Completed
503010,10323,2024-03-27,16,1,24.99,0.2,19.99,Completed
500092,10708,2024-03-27,26,1,22.99,0.0,0.0,Cancelled
500656,10884,2024-03-27,11,1,279.99,0.0,279.99,Completed
504759,10864,2024-03-27,20,1,19.99,0.0,19.99,Completed
504810,10477,2024-03-27,25,1,24.99,0.0,24.99,Completed
500407,10840,2024-03-28,2,1,29.99,0.0,29.99,Completed
504490,10940,2024-03-28,18,1,34.99,0.1,31.49,Completed
503543,10578,2024-03-28,14,3,14.99,0.05,42.72,Completed
501321,10176,2024-03-28,22,2,29.99,0.15,50.98,Completed
503930,10997,2024-03-28,29,3,199.99,0.05,569.97,Completed
501769,10650,2024-03-28,28,1,129.99,0.0,129.99,Completed
504489,10641,2024-03-28,22,2,29.99,0.05,56.98,Completed
501370,10012,2024-03-28,8,2,249.99,0.2,399.98,Completed
503993,10777,2024-03-28,3,2,89.99,0.0,179.98,Completed
504804,10418,2024-03-29,15,2,11.99,0.0,23.98,Completed
500550,10641,2024-03-29,26,2,22.99,0.05,43.68,Completed
504097,10065,2024-03-29,6,2,79.99,0.0,159.98,Completed
504973,10422,2024-03-29,16,1,24.99,0.0,24.99,Completed
504304,10988,2024-03-29,7,2,39.99,0.05,75.98,Completed
503098,10961,2024-03-30,22,2,29.99,0.05,56.98,Completed
500423,10974,2024-03-30,19,2,64.99,0.0,129.98,Completed
501115,10165,2024-03-30,16,1,24.99,0.05,23.74,Completed
504615,10190,2024-03-30,19,1,64.99,0.15,55.24,Completed
501356,10745,2024-03-30,5,1,149.99,0.1,134.99,Completed
500974,10879,2024-03-30,27,1,59.99,0.0,59.99,Completed
502063,10224,2024-03-30,26,1,22.99,0.05,21.84,Completed
501494,10744,2024-03-30,26,2,22.99,0.0,45.98,Completed
500154,10190,2024-03-30,28,1,129.99,0.05,0.0,Cancelled
502670,10611,2024-03-30,10,2,179.99,0.1,323.98,Completed
500163,10395,2024-03-30,17,4,69.99,0.05,265.96,Completed
504384,10548,2024-03-31,23,3,44.99,0.05,128.22,Completed
502513,10335,2024-03-31,26,2,22.99,0.0,45.98,Completed
503430,10787,2024-03-31,5,1,149.99,0.0,149.99,Completed
501918,10098,2024-03-31,26,2,22.99,0.0,45.98,Completed
503597,10450,2024-03-31,27,1,59.99,0.1,53.99,Completed
504212,10216,2024-04-01,12,1,109.99,0.05,104.49,Completed
501958,10496,2024-04-01,3,4,89.99,0.0,359.96,Completed
500307,10245,2024-04-01,5,2,149.99,0.0,299.98,Completed
502324,10495,2024-04-01,15,1,11.99,0.05,11.39,Completed
501074,10498,2024-04-01,26,3,22.99,0.05,65.52,Completed
502918,10176,2024-04-01,29,1,199.99,0.1,179.99,Completed
501617,10633,2024-04-01,3,1,89.99,0.0,89.99,Completed
503375,10184,2024-04-01,19,1,64.99,0.0,64.99,Completed
503114,10662,2024-04-02,13,4,179.99,0.0,719.96,Completed
504147,10879,2024-04-02,14,2,14.99,0.1,26.98,Completed
500731,10620,2024-04-02,25,2,24.99,0.05,47.48,Completed
501817,10782,2024-04-02,21,1,12.99,0.0,12.99,Completed
502097,10803,2024-04-02,10,1,179.99,0.15,0.0,Returned
501200,10067,2024-04-02,25,1,24.99,0.1,22.49,Completed
503088,10972,2024-04-02,14,2,14.99,0.0,0.0,Returned
500076,10611,2024-04-02,11,1,279.99,0.05,265.99,Completed
501036,10615,2024-04-03,13,4,179.99,0.0,719.96,Completed
500730,10451,2024-04-03,15,3,11.99,0.15,30.57,Completed
503306,10522,2024-04-03,19,3,64.99,0.15,165.72,Completed
503912,10072,2024-04-03,16,1,24.99,0.05,23.74,Completed
500683,10981,2024-04-04,1,3,49.99,0.05,142.47,Completed
504959,10744,2024-04-04,15,1,11.99,0.05,11.39,Completed
502845,10783,2024-04-04,2,1,29.99,0.0,29.99,Completed
501612,10717,2024-04-04,16,2,24.99,0.05,47.48,Completed
504884,10717,2024-04-04,3,3,89.99,0.1,242.97,Completed
500517,10095,2024-04-04,20,1,19.99,0.05,18.99,Completed
504243,10830,2024-04-05,4,2,59.99,0.0,119.98,Completed
501726,10008,2024-04-05,25,1,24.99,0.0,24.99,Completed
503209,10281,2024-04-05,7,1,39.99,0.0,0.0,Cancelled
503849,10486,2024-04-05,15,1,11.99,0.2,9.59,Completed
504736,10536,2024-04-06,7,1,39.99,0.2,31.99,Completed
500925,10685,2024-04-06,17,1,69.99,0.15,59.49,Completed
504852,10405,2024-04-06,13,1,179.99,0.0,179.99,Completed
500776,10436,2024-04-06,13,4,179.99,0.1,647.96,Completed
500979,10587,2024-04-06,26,1,22.99,0.1,0.0,Returned
500933,10083,2024-04-06,12,2,109.99,0.0,219.98,Completed
501991,10352,2024-04-06,24,2,39.99,0.0,79.98,Completed
500206,10710,2024-04-07,4,1,59.99,0.0,0.0,Returned
500715,10223,2024-04-07,13,1,179.99,0.0,0.0,Returned
502327,10791,2024-04-07,21,1,12.99,0.0,12.99,Completed
502262,10227,2024-04-08,14,3,14.99,0.1,40.47,Completed
504308,10311,2024-04-08,3,2,89.99,0.15,152.98,Completed
501428,10019,2024-04-08,26,3,22.99,0.0,68.97,Completed
503140,10554,2024-04-08,21,4,12.99,0.05,49.36,Completed
502473,10138,2024-04-08,2,2,29.99,0.0,59.98,Completed
500564,10548,2024-04-08,4,1,59.99,0.05,56.99,Completed
503742,10059,2024-04-08,15,5,11.99,0.15,50.96,Completed
502526,10620,2024-04-08,24,4,39.99,0.0,159.96,Completed
502778,10677,2024-04-09,12,2,109.99,0.1,0.0,Returned
504656,10191,2024-04-09,21,1,12.99,0.0,12.99,Completed
502396,10116,2024-04-09,17,5,69.99,0.1,314.96,Completed
502288,10179,2024-04-09,1,4,49.99,0.15,169.97,Completed
502904,10452,2024-04-09,13,1,179.99,0.2,143.99,Completed
500430,10729,2024-04-10,18,3,34.99,0.1,0.0,Returned
504207,10010,2024-04-10,16,2,24.99,0.1,44.98,Completed
501447,10690,2024-04-10,5,1,149.99,0.2,119.99,Completed
501048,10530,2024-04-10,3,1,89.99,0.05,0.0,Returned
501466,10363,2024-04-10,29,2,199.99,0.15,339.98,Completed
501013,10727,2024-04-10,14,1,14.99,0.0,14.99,Completed
502257,10617,2024-04-10,22,5,29.99,0.0,149.95,Completed
500171,10320,2024-04-10,2,2,29.99,0.2,47.98,Completed
502839,10229,2024-04-10,18,2,34.99,0.0,69.98,Completed
502603,10212,2024-04-10,30,1,229.99,0.0,0.0,Cancelled
502738,10226,2024-04-10,4,1,59.99,0.1,53.99,Completed
503708,10193,2024-04-10,7,1,39.99,0.0,39.99,Completed
504014,10599,2024-04-11,12,1,109.99,0.05,104.49,Completed
502313,10958,2024-04-11,26,2,22.99,0.15,39.08,Completed
501997,10837,2024-04-11,3,1,89.99,0.15,76.49,Completed
503090,10236,2024-04-12,16,1,24.99,0.1,22.49,Completed
502146,10868,2024-04-12,21,1,12.99,0.1,11.69,Completed
500971,10624,2024-04-12,14,1,14.99,0.0,0.0,Returned
502184,10069,2024-04-12,3,2,89.99,0.0,179.98,Completed
502910,10478,2024-04-12,23,2,44.99,0.0,89.98,Completed
501727,10045,2024-04-12,4,1,59.99,0.2,47.99,Completed
502736,10391,2024-04-12,22,2,29.99,0.0,59.98,Completed
503192,10194,2024-04-12,2,2,29.99,0.0,59.98,Completed
504153,10815,2024-04-12,15,1,11.99,0.1,10.79,Completed
503879,10128,2024-04-13,16,5,24.99,0.05,118.7,Completed
503235,10276,2024-04-13,3,3,89.99,0.0,269.97,Completed
502995,10648,2024-04-13,26,1,22.99,0.0,22.99,Completed
502478,10768,2024-04-13,16,4,24.99,0.2,79.97,Completed
503706,10990,2024-04-13,2,1,29.99,0.1,26.99,Completed
503818,10492,2024-04-13,28,3,129.99,0.05,370.47,Completed
502637,10009,2024-04-13,27,1,59.99,0.0,59.99,Completed
504183,10809,2024-04-13,2,2,29.99,0.0,59.98,Completed
503854,10428,2024-04-14,26,2,22.99,0.1,41.38,Completed
504193,10882,2024-04-14,8,1,249.99,0.2,199.99,Completed
500790,10652,2024-04-14,4,1,59.99,0.05,56.99,Completed
503610,10188,2024-04-14,27,1,59.99,0.05,56.99,Completed
501475,10565,2024-04-14,15,2,11.99,0.05,22.78,Completed
502972,10076,2024-04-14,1,1,49.99,0.0,49.99,Completed
501445,10036,2024-04-14,2,3,29.99,0.0,89.97,Completed
503720,10283,2024-04-14,16,1,24.99,0.0,24.99,Completed
502155,10686,2024-04-14,22,2,29.99,0.05,56.98,Completed
502280,10949,2024-04-15,15,1,11.99,0.0,11.99,Completed
503776,10966,2024-04-15,21,1,12.99,0.0,12.99,Completed
500789,10613,2024-04-15,7,3,39.99,0.15,101.97,Completed
502370,10688,2024-04-15,22,1,29.99,0.0,0.0,Returned
502461,10858,2024-04-15,26,1,22.99,0.0,22.99,Completed
501225,10778,2024-04-15,15,4,11.99,0.0,47.96,Completed
503926,10081,2024-04-15,2,2,29.99,0.05,56.98,Completed
503483,10059,2024-04-15,14,2,14.99,0.15,25.48,Completed
502439,10301,2024-04-15,14,4,14.99,0.1,53.96,Completed
503592,10348,2024-04-15,19,2,64.99,0.0,129.98,Completed
500559,10826,2024-04-15,22,2,29.99,0.2,47.98,Completed
503712,10958,2024-04-15,19,1,64.99,0.0,64.99,Completed
504769,10930,2024-04-15,19,1,64.99,0.0,64.99,Completed
501867,10313,2024-04-16,18,2,34.99,0.05,66.48,Completed
504257,10516,2024-04-16,18,1,34.99,0.05,33.24,Completed
501061,10353,2024-04-16,8,2,249.99,0.0,0.0,Cancelled
500150,10538,2024-04-17,5,5,149.99,0.0,749.95,Completed
500900,10718,2024-04-17,26,4,22.99,0.0,91.96,Completed
501362,10619,2024-04-17,17,1,69.99,0.05,0.0,Returned
503258,10447,2024-04-17,2,2,29.99,0.0,59.98,Completed
501786,10726,2024-04-17,15,1,11.99,0.0,11.99,Completed
502758,10766,2024-04-18,13,2,179.99,0.05,341.98,Completed
500421,10763,2024-04-18,5,1,149.99,0.0,149.99,Completed
501721,10462,2024-04-18,26,1,22.99,0.0,0.0,Returned
502225,10118,2024-04-18,19,1,64.99,0.05,61.74,Completed
501648,10693,2024-04-18,22,1,29.99,0.05,28.49,Completed
504214,10933,2024-04-18,22,1,29.99,0.05,28.49,Completed
503146,10419,2024-04-18,30,2,229.99,0.05,436.98,Completed
504341,10791,2024-04-18,25,2,24.99,0.05,47.48,Completed
503905,10191,2024-04-19,13,1,179.99,0.1,161.99,Completed
503723,10662,2024-04-19,30,1,229.99,0.15,195.49,Completed
503600,10508,2024-04-19,19,3,64.99,0.05,185.22,Completed
504823,10602,2024-04-19,25,2,24.99,0.0,49.98,Completed
501298,10378,2024-04-19,8,2,249.99,0.05,474.98,Completed
500871,10096,2024-04-19,16,2,24.99,0.0,49.98,Completed
502002,10860,2024-04-20,15,1,11.99,0.0,11.99,Completed
500337,10397,2024-04-20,27,3,59.99,0.05,170.97,Completed
500312,10094,2024-04-20,19,2,64.99,0.0,129.98,Completed
504303,10604,2024-04-20,1,1,49.99,0.2,39.99,Completed
500591,10755,2024-04-20,22,1,29.99,0.0,29.99,Completed
504038,10434,2024-04-20,4,2,59.99,0.0,119.98,Completed
500634,10402,2024-04-21,22,2,29.99,0.05,56.98,Completed
500863,10616,2024-04-21,6,1,79.99,0.0,79.99,Completed
502928,10891,2024-04-21,15,1,11.99,0.05,11.39,Completed
502319,10155,2024-04-21,1,3,49.99,0.1,134.97,Completed
501251,10095,2024-04-21,22,1,29.99,0.0,0.0,Cancelled
504520,10352,2024-04-21,27,1,59.99,0.0,59.99,Completed
503847,10269,2024-04-21,24,1,39.99,0.15,33.99,Completed
500425,10717,2024-04-21,12,2,109.99,0.0,219.98,Completed
504703,10262,2024-04-21,15,1,11.99,0.0,11.99,Completed
501348,10371,2024-04-21,15,2,11.99,0.0,23.98,Completed
502211,10978,2024-04-21,19,1,64.99,0.0,64.99,Completed
500276,10882,2024-04-22,26,2,22.99,0.1,41.38,Completed
503241,10348,2024-04-22,11,1,279.99,0.0,279.99,Completed
500805,10529,2024-04-22,10,1,179.99,0.05,170.99,Completed
504737,10622,2024-04-22,17,1,69.99,0.0,69.99,Completed
503044,10384,2024-04-22,19,1,64.99,0.1,58.49,Completed
503429,10193,2024-04-22,15,1,11.99,0.1,10.79,Completed
503251,10349,2024-04-22,14,1,14.99,0.0,14.99,Completed
501001,10045,2024-04-23,21,2,12.99,0.05,24.68,Completed
502339,10492,2024-04-23,20,1,19.99,0.05,18.99,Completed
500877,10228,2024-04-23,26,1,22.99,0.1,20.69,Completed
501530,10186,2024-04-23,5,2,149.99,0.1,0.0,Returned
502294,10689,2024-04-23,16,5,24.99,0.0,124.95,Completed
503788,10305,2024-04-23,2,1,29.99,0.2,23.99,Completed
503170,10839,2024-04-23,13,2,179.99,0.0,359.98,Completed
504322,10145,2024-04-23,24,2,39.99,0.0,79.98,Completed
500336,10788,2024-04-23,19,1,64.99,0.0,64.99,Completed
502029,10163,2024-04-23,4,1,59.99,0.15,50.99,Completed
502411,10050,2024-04-24,30,1,229.99,0.05,218.49,Completed
502593,10292,2024-04-24,14,1,14.99,0.1,13.49,Completed
502176,10805,2024-04-24,3,1,89.99,0.1,80.99,Completed
504766,10744,2024-04-24,15,1,11.99,0.05,0.0,Cancelled
500619,10276,2024-04-24,22,1,29.99,0.0,29.99,Completed
503800,10183,2024-04-24,28,1,129.99,0.0,129.99,Completed
502947,10731,2024-04-24,14,2,14.99,0.0,29.98,Completed
504531,10131,2024-04-24,1,2,49.99,0.05,94.98,Completed
503049,10678,2024-04-24,26,1,22.99,0.1,20.69,Completed
500046,10686,2024-04-25,1,1,49.99,0.0,49.99,Completed
500676,10970,2024-04-25,25,1,24.99,0.05,23.74,Completed
503199,10384,2024-04-25,21,2,12.99,0.0,25.98,Completed
502889,10896,2024-04-25,15,1,11.99,0.2,9.59,Completed
501897,10997,2024-04-25,12,4,109.99,0.0,439.96,Completed
500186,10789,2024-04-26,24,2,39.99,0.0,79.98,Completed
501563,10716,2024-04-26,24,2,39.99,0.0,79.98,Completed
502449,10620,2024-04-26,13,2,179.99,0.0,0.0,Returned
504529,10662,2024-04-26,23,1,44.99,0.1,40.49,Completed
500525,10436,2024-04-26,21,2,12.99,0.0,25.98,Completed
501016,10621,2024-04-26,14,1,14.99,0.0,0.0,Returned
501895,10989,2024-04-26,16,1,24.99,0.1,22.49,Completed
501034,10988,2024-04-26,25,2,24.99,0.0,0.0,Returned
502152,10044,2024-04-26,1,1,49.99,0.0,49.99,Completed
502899,10530,2024-04-27,26,2,22.99,0.0,45.98,Completed
501662,10528,2024-04-27,3,2,89.99,0.0,179.98,Completed
502810,10373,2024-04-27,7,2,39.99,0.0,79.98,Completed
500329,10515,2024-04-27,20,1,19.99,0.0,19.99,Completed
500044,10153,2024-04-27,3,3,89.99,0.05,256.47,Completed
503400,10939,2024-04-27,18,1,34.99,0.1,31.49,Completed
501101,10216,2024-04-27,21,1,12.99,0.0,12.99,Completed
503076,10167,2024-04-27,2,1,29.99,0.0,29.99,Completed
504251,10447,2024-04-27,30,1,229.99,0.0,229.99,Completed
503246,10023,2024-04-27,20,1,19.99,0.0,19.99,Completed
503149,10697,2024-04-28,10,2,179.99,0.0,359.98,Completed
501216,10548,2024-04-28,3,2,89.99,0.0,179.98,Completed
501795,10536,2024-04-28,1,2,49.99,0.0,99.98,Completed
502956,10064,2024-04-28,17,3,69.99,0.15,178.47,Completed
501023,10714,2024-04-29,25,5,24.99,0.05,118.7,Completed
504723,10452,2024-04-29,15,2,11.99,0.05,22.78,Completed
501285,10053,2024-04-29,19,2,64.99,0.0,129.98,Completed
501883,10442,2024-04-29,13,1,179.99,0.0,179.99,Completed
501228,10384,2024-04-30,21,1,12.99,0.0,12.99,Completed
501120,10770,2024-04-30,15,2,11.99,0.0,23.98,Completed
502509,10194,2024-04-30,16,2,24.99,0.0,49.98,Completed
502744,10765,2024-04-30,5,4,149.99,0.1,539.96,Completed
504742,10019,2024-04-30,26,1,22.99,0.05,21.84,Completed
503050,10430,2024-04-30,25,2,24.99,0.0,49.98,Completed
504282,10085,2024-05-01,30,3,229.99,0.0,689.97,Completed
500865,10698,2024-05-01,6,1,79.99,0.05,75.99,Completed
501787,10054,2024-05-01,28,1,129.99,0.0,129.99,Completed
504674,10200,2024-05-01,22,2,29.99,0.0,59.98,Completed
504539,10045,2024-05-01,12,1,109.99,0.0,109.99,Completed
504044,10759,2024-05-01,2,1,29.99,0.0,29.99,Completed
500255,10507,2024-05-01,16,1,24.99,0.15,21.24,Completed
501172,10219,2024-05-02,27,1,59.99,0.15,50.99,Completed
502802,10148,2024-05-02,21,2,12.99,0.0,25.98,Completed
504600,10895,2024-05-02,23,1,44.99,0.0,44.99,Completed
502049,10347,2024-05-02,25,1,24.99,0.05,23.74,Completed
504950,11000,2024-05-02,12,1,109.99,0.0,109.99,Completed
502004,10465,2024-05-02,23,1,44.99,0.0,44.99,Completed
503744,10791,2024-05-02,26,1,22.99,0.0,22.99,Completed
504863,10494,2024-05-02,5,1,149.99,0.2,119.99,Completed
500240,10687,2024-05-02,21,3,12.99,0.05,37.02,Completed
502267,10306,2024-05-02,7,2,39.99,0.05,75.98,Completed
500658,10193,2024-05-02,27,1,59.99,0.1,53.99,Completed
504297,10050,2024-05-02,30,1,229.99,0.05,218.49,Completed
504367,10653,2024-05-03,16,4,24.99,0.1,89.96,Completed
502131,10515,2024-05-04,15,2,11.99,0.0,23.98,Completed
503476,10932,2024-05-04,30,2,229.99,0.0,459.98,Completed
500912,10223,2024-05-04,26,2,22.99,0.0,45.98,Completed
504960,10269,2024-05-04,26,2,22.99,0.0,0.0,Returned
503630,10475,2024-05-04,12,3,109.99,0.05,313.47,Completed
500781,10838,2024-05-04,10,3,179.99,0.05,512.97,Completed
504093,10559,2024-05-05,14,4,14.99,0.0,59.96,Completed
502019,10219,2024-05-05,19,2,64.99,0.15,110.48,Completed
500977,10702,2024-05-05,22,1,29.99,0.05,28.49,Completed
500364,10900,2024-05-05,28,2,129.99,0.05,246.98,Completed
500460,10263,2024-05-05,19,3,64.99,0.0,194.97,Completed
500612,10231,2024-05-05,30,3,229.99,0.0,689.97,Completed
504593,10701,2024-05-05,14,2,14.99,0.1,26.98,Completed
500855,10322,2024-05-05,26,1,22.99,0.0,22.99,Completed
502383,10278,2024-05-05,23,1,44.99,0.0,44.99,Completed
502994,10961,2024-05-06,7,1,39.99,0.15,33.99,Completed
501618,10507,2024-05-06,13,3,179.99,0.0,539.97,Completed
500370,10893,2024-05-06,5,1,149.99,0.0,149.99,Completed
503370,10066,2024-05-06,5,2,149.99,0.0,299.98,Completed
500740,10048,2024-05-07,3,1,89.99,0.1,80.99,Completed
503253,10617,2024-05-07,23,2,44.99,0.0,89.98,Completed
503328,10454,2024-05-07,28,1,129.99,0.0,129.99,Completed
501578,10228,2024-05-07,20,4,19.99,0.15,67.97,Completed
501965,10611,2024-05-07,1,4,49.99,0.1,179.96,Completed
500837,10139,2024-05-07,15,1,11.99,0.0,11.99,Completed
503503,10864,2024-05-07,28,1,129.99,0.0,129.99,Completed
503882,10630,2024-05-07,27,1,59.99,0.0,59.99,Completed
503820,10133,2024-05-07,28,3,129.99,0.0,389.97,Completed
504642,10354,2024-05-08,1,2,49.99,0.1,89.98,Completed
502126,10032,2024-05-08,22,1,29.99,0.15,25.49,Completed
502512,10057,2024-05-08,15,4,11.99,0.15,40.77,Completed
500918,10030,2024-05-08,8,1,249.99,0.05,237.49,Completed
503294,10527,2024-05-08,27,1,59.99,0.1,53.99,Completed
501097,10548,2024-05-08,12,3,109.99,0.0,329.97,Completed
501266,10951,2024-05-08,30,2,229.99,0.0,459.98,Completed
501028,10435,2024-05-09,18,4,34.99,0.0,139.96,Completed
500998,10421,2024-05-09,30,1,229.99,0.05,218.49,Completed
500745,10641,2024-05-09,6,1,79.99,0.0,79.99,Completed
503759,10701,2024-05-09,24,2,39.99,0.1,71.98,Completed
503772,10640,2024-05-09,22,1,29.99,0.05,28.49,Completed
500941,10542,2024-05-09,23,1,44.99,0.15,38.24,Completed
503111,10189,2024-05-09,15,1,11.99,0.0,0.0,Cancelled
500541,10961,2024-05-09,7,1,39.99,0.0,39.99,Completed
502365,10217,2024-05-09,23,1,44.99,0.0,44.99,Completed
502599,10641,2024-05-09,3,1,89.99,0.0,89.99,Completed
500555,10906,2024-05-09,18,2,34.99,0.0,69.98,Completed
502791,10611,2024-05-09,5,1,149.99,0.1,134.99,Completed
501149,10087,2024-05-09,20,2,19.99,0.0,39.98,Completed
503593,10138,2024-05-09,14,1,14.99,0.15,0.0,Cancelled
502521,10451,2024-05-09,23,1,44.99,0.1,40.49,Completed
504013,10256,2024-05-10,12,1,109.99,0.05,104.49,Completed
504238,10155,2024-05-10,5,4,149.99,0.0,599.96,Completed
504996,10532,2024-05-10,22,3,29.99,0.0,89.97,Completed
502494,10794,2024-05-10,21,1,12.99,0.0,12.99,Completed
501079,10989,2024-05-10,25,2,24.99,0.0,0.0,Returned
500779,10100,2024-05-11,4,2,59.99,0.1,107.98,Completed
501229,10858,2024-05-11,2,1,29.99,0.0,29.99,Completed
503858,10677,2024-05-11,11,2,279.99,0.0,559.98,Completed
503761,10016,2024-05-11,6,1,79.99,0.1,71.99,Completed
504741,10890,2024-05-11,29,1,199.99,0.0,199.99,Completed
500746,10609,2024-05-11,20,4,19.99,0.0,79.96,Completed
501499,10859,2024-05-11,4,3,59.99,0.0,179.97,Completed
501056,10436,2024-05-11,9,1,399.99,0.1,359.99,Completed
501777,10505,2024-05-12,5,4,149.99,0.0,599.96,Completed
501933,10698,2024-05-12,29,3,199.99,0.0,599.97,Completed
503218,10978,2024-05-12,4,1,59.99,0.1,53.99,Completed
503732,10261,2024-05-12,10,3,179.99,0.2,431.98,Completed
504030,10662,2024-05-12,5,1,149.99,0.0,149.99,Completed
502442,10990,2024-05-12,19,3,64.99,0.0,194.97,Completed
503532,10809,2024-05-12,16,1,24.99,0.0,24.99,Completed
502507,10003,2024-05-12,26,2,22.99,0.05,43.68,Completed
504002,10372,2024-05-12,19,3,64.99,0.0,194.97,Completed
501108,10474,2024-05-13,26,1,22.99,0.05,21.84,Completed
500212,10868,2024-05-13,27,3,59.99,0.0,179.97,Completed
500295,10550,2024-05-13,25,1,24.99,0.0,24.99,Completed
500439,10542,2024-05-13,18,1,34.99,0.1,31.49,Completed
502727,10753,2024-05-13,9,1,399.99,0.1,359.99,Completed
501165,10990,2024-05-13,21,1,12.99,0.0,12.99,Completed
504602,10388,2024-05-13,10,1,179.99,0.0,179.99,Completed
503469,10462,2024-05-13,15,2,11.99,0.0,23.98,Completed
500610,10578,2024-05-13,15,3,11.99,0.0,35.97,Completed
501772,10992,2024-05-14,29,1,199.99,0.0,199.99,Completed
500412,10650,2024-05-14,19,1,64.99,0.0,64.99,Completed
501265,10208,2024-05-14,20,3,19.99,0.15,50.97,Completed
500193,10594,2024-05-14,2,1,29.99,0.05,28.49,Completed
504191,10961,2024-05-14,22,3,29.99,0.15,76.47,Completed
504875,10069,2024-05-15,22,1,29.99,0.1,26.99,Completed
503031,10435,2024-05-15,24,1,39.99,0.0,39.99,Completed
503889,10242,2024-05-15,8,2,249.99,0.0,499.98,Completed
500262,10930,2024-05-15,27,2,59.99,0.0,119.98,Completed
503161,10046,2024-05-15,3,1,89.99,0.15,76.49,Completed
500499,10710,2024-05-16,19,1,64.99,0.1,58.49,Completed
503008,10191,2024-05-16,25,1,24.99,0.0,24.99,Completed
500313,10698,2024-05-16,21,1,12.99,0.15,11.04,Completed
500004,10739,2024-05-16,3,1,89.99,0.0,89.99,Completed
502767,10984,2024-05-16,20,4,19.99,0.05,75.96,Completed
503293,10646,2024-05-17,7,1,39.99,0.0,39.99,Completed
503518,10835,2024-05-17,10,1,179.99,0.05,170.99,Completed
503860,10514,2024-05-17,1,2,49.99,0.0,99.98,Completed
503718,10167,2024-05-17,27,1,59.99,0.0,59.99,Completed
501824,10981,2024-05-17,20,2,19.99,0.1,35.98,Completed
503578,10055,2024-05-17,21,1,12.99,0.1,11.69,Completed
504933,10356,2024-05-17,19,1,64.99,0.1,58.49,Completed
504405,10772,2024-05-18,15,1,11.99,0.1,0.0,Returned
504479,10476,2024-05-18,20,2,19.99,0.0,39.98,Completed
501329,10870,2024-05-18,4,2,59.99,0.0,119.98,Completed
503376,10566,2024-05-18,14,1,14.99,0.05,14.24,Completed
502529,10868,2024-05-18,17,1,69.99,0.1,62.99,Completed
503792,10334,2024-05-18,8,1,249.99,0.0,249.99,Completed
503900,10179,2024-05-18,15,2,11.99,0.0,23.98,Completed
502805,10202,2024-05-18,21,4,12.99,0.1,46.76,Completed
501775,10880,2024-05-19,4,1,59.99,0.0,59.99,Completed
501132,10388,2024-05-19,18,2,34.99,0.0,69.98,Completed
501344,10256,2024-05-19,1,1,49.99,0.0,0.0,Returned
502272,10988,2024-05-19,8,1,249.99,0.2,199.99,Completed
503123,10096,2024-05-19,11,3,279.99,0.0,839.97,Completed
502832,10886,2024-05-20,19,1,64.99,0.05,61.74,Completed
500300,10573,2024-05-20,23,2,44.99,0.0,89.98,Completed
503112,10624,2024-05-20,14,1,14.99,0.0,14.99,Completed
503431,10614,2024-05-20,18,4,34.99,0.0,139.96,Completed
502353,10298,2024-05-20,21,3,12.99,0.0,38.97,Completed
503496,10495,2024-05-20,22,2,29.99,0.0,0.0,Returned
504403,10103,2024-05-20,4,2,59.99,0.05,113.98,Completed
501853,10633,2024-05-20,25,1,24.99,0.1,22.49,Completed
504687,10500,2024-05-21,15,2,11.99,0.05,22.78,Completed
503942,10939,2024-05-21,20,1,19.99,0.1,17.99,Completed
503945,10722,2024-05-22,5,1,149.99,0.05,142.49,Completed
502296,10445,2024-05-22,16,2,24.99,0.15,42.48,Completed
501189,10404,2024-05-22,12,1,109.99,0.05,104.49,Completed
500504,10438,2024-05-22,17,3,69.99,0.1,188.97,Completed
501393,10102,2024-05-22,23,2,44.99,0.0,89.98,Completed
500590,10552,2024-05-23,18,1,34.99,0.0,34.99,Completed
503835,10878,2024-05-23,23,4,44.99,0.1,161.96,Completed
500219,10287,2024-05-23,1,1,49.99,0.0,49.99,Completed
500573,10265,2024-05-23,20,2,19.99,0.05,37.98,Completed
501103,10644,2024-05-23,14,2,14.99,0.0,29.98,Completed
504900,10743,2024-05-23,12,5,109.99,0.05,522.45,Completed
504116,10337,2024-05-23,10,2,179.99,0.1,323.98,Completed
501410,10200,2024-05-23,10,4,179.99,0.0,719.96,Completed
502450,10710,2024-05-23,23,2,44.99,0.1,80.98,Completed
503412,10303,2024-05-23,1,2,49.99,0.0,99.98,Completed
504689,10059,2024-05-23,18,2,34.99,0.0,69.98,Completed
504462,10016,2024-05-24,20,1,19.99,0.05,18.99,Completed
501589,10405,2024-05-24,17,1,69.99,0.05,66.49,Completed
503173,10594,2024-05-24,8,1,249.99,0.0,249.99,Completed
503811,10140,2024-05-24,17,1,69.99,0.0,69.99,Completed
501547,10524,2024-05-24,19,1,64.99,0.0,64.99,Completed
504887,10530,2024-05-25,21,1,12.99,0.0,12.99,Completed
501728,10256,2024-05-25,24,1,39.99,0.0,39.99,Completed
503497,10932,2024-05-25,14,1,14.99,0.05,14.24,Completed
502668,10688,2024-05-25,21,1,12.99,0.0,12.99,Completed
504311,10138,2024-05-25,25,1,24.99,0.0,24.99,Completed
500818,10659,2024-05-25,28,2,129.99,0.1,233.98,Completed
501695,10428,2024-05-25,27,1,59.99,0.1,53.99,Completed
503612,10145,2024-05-25,22,1,29.99,0.0,29.99,Completed
500451,10858,2024-05-25,23,1,44.99,0.05,42.74,Completed
503789,10129,2024-05-26,24,1,39.99,0.15,33.99,Completed
500252,10978,2024-05-26,13,2,179.99,0.0,359.98,Completed
504538,10665,2024-05-26,22,3,29.99,0.1,80.97,Completed
504684,10919,2024-05-26,30,2,229.99,0.05,436.98,Completed
501600,10572,2024-05-26,18,1,34.99,0.1,31.49,Completed
502964,10364,2024-05-26,22,1,29.99,0.0,29.99,Completed
504110,10033,2024-05-26,8,1,249.99,0.15,212.49,Completed
500340,10887,2024-05-26,26,5,22.99,0.0,114.95,Completed
501979,10339,2024-05-26,4,1,59.99,0.0,0.0,Returned
503539,10535,2024-05-27,27,1,59.99,0.0,59.99,Completed
501109,10858,2024-05-27,15,2,11.99,0.1,21.58,Completed
504077,10977,2024-05-27,19,4,64.99,0.05,246.96,Completed
504481,10909,2024-05-27,15,3,11.99,0.0,35.97,Completed
500328,10539,2024-05-27,7,4,39.99,0.0,159.96,Completed
502827,10890,2024-05-28,13,1,179.99,0.0,179.99,Completed
504280,10158,2024-05-28,23,4,44.99,0.0,179.96,Completed
503410,10114,2024-05-28,28,3,129.99,0.0,389.97,Completed
503542,10617,2024-05-28,4,1,59.99,0.0,59.99,Completed
501204,10439,2024-05-28,2,1,29.99,0.0,0.0,Returned
502059,10767,2024-05-28,27,1,59.99,0.05,56.99,Completed
502557,10558,2024-05-28,2,2,29.99,0.0,59.98,Completed
503611,10126,2024-05-29,11,1,279.99,0.0,0.0,Cancelled
500916,10911,2024-05-29,14,1,14.99,0.0,14.99,Completed
501498,10713,2024-05-29,22,1,29.99,0.15,25.49,Completed
502469,10794,2024-05-29,27,3,59.99,0.05,170.97,Completed
501761,10584,2024-05-29,15,3,11.99,0.05,34.17,Completed
501373,10623,2024-05-30,5,3,149.99,0.1,404.97,Completed
501543,10456,2024-05-30,16,1,24.99,0.1,0.0,Returned
502831,10437,2024-05-30,30,1,229.99,0.0,229.99,Completed
500545,10709,2024-05-30,7,2,39.99,0.05,75.98,Completed
501042,10869,2024-05-31,4,1,59.99,0.05,0.0,Returned
504130,10648,2024-05-31,17,2,69.99,0.1,0.0,Cancelled
500615,10962,2024-05-31,1,1,49.99,0.2,39.99,Completed
503438,10990,2024-05-31,15,1,11.99,0.05,11.39,Completed
503948,10766,2024-05-31,17,2,69.99,0.0,139.98,Completed
503020,10452,2024-05-31,18,4,34.99,0.0,139.96,Completed
501839,10763,2024-05-31,10,1,179.99,0.05,170.99,Completed
502681,10269,2024-06-01,4,2,59.99,0.2,95.98,Completed
503817,10831,2024-06-01,14,2,14.99,0.1,26.98,Completed
503392,10041,2024-06-01,28,3,129.99,0.2,311.98,Completed
501642,10640,2024-06-01,26,1,22.99,0.05,21.84,Completed
503369,10179,2024-06-01,22,1,29.99,0.0,29.99,Completed
500457,10052,2024-06-01,18,2,34.99,0.1,62.98,Completed
504988,10528,2024-06-02,21,1,12.99,0.05,0.0,Returned
504812,10809,2024-06-02,17,3,69.99,0.0,209.97,Completed
501976,10882,2024-06-02,17,2,69.99,0.0,139.98,Completed
501072,10044,2024-06-02,21,1,12.99,0.05,12.34,Completed
501071,10795,2024-06-02,19,1,64.99,0.1,58.49,Completed
500500,10552,2024-06-02,1,1,49.99,0.05,47.49,Completed
500948,10663,2024-06-02,14,2,14.99,0.0,29.98,Completed
503798,10661,2024-06-02,7,2,39.99,0.0,79.98,Completed
501202,10768,2024-06-02,12,3,109.99,0.05,313.47,Completed
500604,10962,2024-06-03,15,1,11.99,0.0,0.0,Returned
502997,10557,2024-06-03,26,1,22.99,0.1,20.69,Completed
502061,10634,2024-06-03,20,2,19.99,0.1,35.98,Completed
501181,10414,2024-06-03,23,2,44.99,0.05,85.48,Completed
500179,10245,2024-06-03,17,4,69.99,0.1,251.96,Completed
501066,10911,2024-06-03,18,5,34.99,0.0,174.95,Completed
500310,10714,2024-06-03,2,1,29.99,0.0,29.99,Completed
503466,10550,2024-06-03,6,1,79.99,0.0,79.99,Completed
504287,10191,2024-06-04,5,1,149.99,0.05,142.49,Completed
503852,10650,2024-06-04,21,2,12.99,0.05,24.68,Completed
502860,10758,2024-06-04,10,2,179.99,0.0,0.0,Returned
501625,10104,2024-06-04,29,5,199.99,0.0,999.95,Completed
503447,10846,2024-06-04,3,1,89.99,0.2,71.99,Completed
500129,10414,2024-06-04,4,3,59.99,0.0,179.97,Completed
504390,10577,2024-06-05,18,2,34.99,0.0,69.98,Completed
502300,10455,2024-06-05,14,1,14.99,0.05,14.24,Completed
501106,10836,2024-06-05,26,1,22.99,0.0,22.99,Completed
503990,10831,2024-06-05,23,1,44.99,0.2,35.99,Completed
501055,10550,2024-06-05,6,1,79.99,0.0,79.99,Completed
500770,10788,2024-06-05,24,1,39.99,0.1,35.99,Completed
504992,10984,2024-06-05,4,2,59.99,0.15,0.0,Cancelled
504200,10705,2024-06-06,7,2,39.99,0.0,79.98,Completed
502863,10515,2024-06-06,20,3,19.99,0.1,53.97,Completed
500398,10443,2024-06-06,16,3,24.99,0.05,71.22,Completed
504040,10775,2024-06-06,20,2,19.99,0.0,39.98,Completed
501751,10116,2024-06-06,26,5,22.99,0.05,109.2,Completed
503949,10539,2024-06-06,16,1,24.99,0.15,21.24,Completed
503254,10714,2024-06-06,21,1,12.99,0.05,12.34,Completed
502579,10579,2024-06-06,23,2,44.99,0.0,89.98,Completed
500862,10406,2024-06-06,11,2,279.99,0.05,531.98,Completed
502688,10484,2024-06-06,26,1,22.99,0.05,21.84,Completed
504438,10744,2024-06-06,8,1,249.99,0.05,237.49,Completed
503826,10703,2024-06-07,23,1,44.99,0.15,38.24,Completed
501762,10716,2024-06-07,2,5,29.99,0.1,134.95,Completed
502102,10612,2024-06-07,5,4,149.99,0.0,0.0,Returned
504509,10478,2024-06-08,18,4,34.99,0.1,125.96,Completed
504896,10785,2024-06-08,12,2,109.99,0.1,0.0,Cancelled
500184,10163,2024-06-09,16,3,24.99,0.05,71.22,Completed
503406,10367,2024-06-09,19,1,64.99,0.0,64.99,Completed
500787,10390,2024-06-09,24,2,39.99,0.0,79.98,Completed
501118,10693,2024-06-09,28,1,129.99,0.1,116.99,Completed
502638,10556,2024-06-09,3,1,89.99,0.15,76.49,Completed
501334,10800,2024-06-09,17,1,69.99,0.15,59.49,Completed
502195,10469,2024-06-09,14,4,14.99,0.1,53.96,Completed
503236,10099,2024-06-09,4,1,59.99,0.05,56.99,Completed
504750,10864,2024-06-09,26,1,22.99,0.0,0.0,Returned
503038,10820,2024-06-09,14,1,14.99,0.0,14.99,Completed
501736,10809,2024-06-10,15,3,11.99,0.05,0.0,Cancelled
500901,10612,2024-06-10,27,2,59.99,0.15,101.98,Completed
502374,10829,2024-06-10,14,1,14.99,0.0,14.99,Completed
501898,10256,2024-06-10,29,2,199.99,0.1,359.98,Completed
503233,10307,2024-06-10,15,1,11.99,0.0,11.99,Completed
503680,10950,2024-06-10,13,3,179.99,0.0,539.97,Completed
503200,10451,2024-06-11,13,1,179.99,0.05,170.99,Completed
504242,10502,2024-06-11,6,1,79.99,0.0,79.99,Completed
504999,10693,2024-06-11,8,3,249.99,0.0,749.97,Completed
501950,10100,2024-06-11,10,1,179.99,0.1,161.99,Completed
503569,10248,2024-06-11,6,1,79.99,0.0,79.99,Completed
502001,10602,2024-06-12,11,1,279.99,0.1,251.99,Completed
500068,10761,2024-06-12,19,1,64.99,0.05,61.74,Completed
503693,10128,2024-06-12,24,2,39.99,0.0,79.98,Completed
501333,10614,2024-06-12,29,1,199.99,0.05,0.0,Cancelled
503068,10699,2024-06-12,14,3,14.99,0.1,40.47,Completed
500531,10428,2024-06-12,11,1,279.99,0.0,279.99,Completed
504610,10887,2024-06-12,14,1,14.99,0.15,12.74,Completed
503571,10447,2024-06-13,8,2,249.99,0.1,449.98,Completed
503365,10327,2024-06-13,23,1,44.99,0.0,44.99,Completed
500663,10733,2024-06-13,23,1,44.99,0.0,44.99,Completed
501546,10008,2024-06-13,17,2,69.99,0.1,125.98,Completed
500757,10750,2024-06-13,20,1,19.99,0.0,19.99,Completed
503629,10687,2024-06-13,21,1,12.99,0.0,12.99,Completed
504383,10790,2024-06-13,21,3,12.99,0.2,31.18,Completed
503178,10365,2024-06-14,21,2,12.99,0.05,24.68,Completed
502544,10405,2024-06-14,22,2,29.99,0.0,59.98,Completed
504833,10204,2024-06-14,17,2,69.99,0.0,139.98,Completed
500623,10949,2024-06-14,10,1,179.99,0.05,170.99,Completed
501017,10266,2024-06-14,24,1,39.99,0.0,39.99,Completed
502797,10962,2024-06-14,20,1,19.99,0.0,19.99,Completed
503790,10805,2024-06-14,20,1,19.99,0.1,17.99,Completed
501934,10832,2024-06-14,30,2,229.99,0.0,459.98,Completed
504555,10358,2024-06-14,6,3,79.99,0.05,227.97,Completed
501920,10095,2024-06-14,22,1,29.99,0.0,29.99,Completed
503615,10852,2024-06-15,18,1,34.99,0.1,31.49,Completed
504046,10965,2024-06-15,2,1,29.99,0.0,29.99,Completed
501488,10361,2024-06-15,7,2,39.99,0.0,79.98,Completed
501753,10234,2024-06-15,22,1,29.99,0.05,0.0,Cancelled
504791,10514,2024-06-15,30,2,229.99,0.0,459.98,Completed
504385,10033,2024-06-15,10,4,179.99,0.05,683.96,Completed
502427,10998,2024-06-15,16,2,24.99,0.0,49.98,Completed
504216,10944,2024-06-16,17,2,69.99,0.05,132.98,Completed
501510,10973,2024-06-16,22,1,29.99,0.0,29.99,Completed
501037,10942,2024-06-16,30,2,229.99,0.0,459.98,Completed
503607,10044,2024-06-16,7,4,39.99,0.1,143.96,Completed
500496,10631,2024-06-16,2,1,29.99,0.15,25.49,Completed
500372,10654,2024-06-16,10,1,179.99,0.0,179.99,Completed
501843,10944,2024-06-16,15,4,11.99,0.0,47.96,Completed
500445,10388,2024-06-16,20,1,19.99,0.1,17.99,Completed
502664,10539,2024-06-17,19,1,64.99,0.0,64.99,Completed
502429,10326,2024-06-17,15,2,11.99,0.0,23.98,Completed
500098,10098,2024-06-17,2,1,29.99,0.05,28.49,Completed
504330,10134,2024-06-17,2,1,29.99,0.05,28.49,Completed
500955,10474,2024-06-17,25,1,24.99,0.2,0.0,Returned
501382,10888,2024-06-17,15,1,11.99,0.05,11.39,Completed
501219,10293,2024-06-17,22,1,29.99,0.1,26.99,Completed
503688,10978,2024-06-17,29,1,199.99,0.1,179.99,Completed
504908,10132,2024-06-17,26,2,22.99,0.0,45.98,Completed
501493,10402,2024-06-18,16,1,24.99,0.05,23.74,Completed
504569,10095,2024-06-18,22,3,29.99,0.15,76.47,Completed
504476,10769,2024-06-18,26,1,22.99,0.0,22.99,Completed
503490,10524,2024-06-18,17,1,69.99,0.05,66.49,Completed
500807,10930,2024-06-19,18,1,34.99,0.1,31.49,Completed
502283,10634,2024-06-19,3,2,89.99,0.0,179.98,Completed
501863,10001,2024-06-19,19,2,64.99,0.0,129.98,Completed
502822,10481,2024-06-19,29,2,199.99,0.0,399.98,Completed
504952,10222,2024-06-19,18,3,34.99,0.0,104.97,Completed
500294,10713,2024-06-19,5,1,149.99,0.05,142.49,Completed
501598,10924,2024-06-19,2,1,29.99,0.1,0.0,Cancelled
504623,10630,2024-06-19,16,2,24.99,0.1,0.0,Returned
500893,10896,2024-06-19,3,1,89.99,0.05,85.49,Completed
504670,10830,2024-06-19,2,1,29.99,0.15,25.49,Completed
502651,10098,2024-06-20,21,2,12.99,0.1,23.38,Completed
504126,10666,2024-06-20,10,2,179.99,0.0,359.98,Completed
500210,10533,2024-06-20,6,2,79.99,0.1,143.98,Completed
500190,10978,2024-06-20,26,1,22.99,0.0,22.99,Completed
502361,10598,2024-06-20,23,1,44.99,0.05,42.74,Completed
502305,10791,2024-06-20,24,2,39.99,0.0,79.98,Completed
500655,10776,2024-06-20,24,1,39.99,0.1,35.99,Completed
504819,10360,2024-06-21,26,3,22.99,0.1,62.07,Completed
504921,10210,2024-06-21,18,1,34.99,0.05,33.24,Completed
502523,10229,2024-06-21,30,3,229.99,0.05,655.47,Completed
500602,10624,2024-06-21,24,2,39.99,0.0,79.98,Completed
501889,10012,2024-06-21,2,2,29.99,0.15,50.98,Completed
502950,10528,2024-06-21,2,1,29.99,0.05,28.49,Completed
502531,10139,2024-06-22,3,1,89.99,0.0,89.99,Completed
502066,10637,2024-06-22,24,1,39.99,0.1,35.99,Completed
502591,10040,2024-06-22,13,2,179.99,0.1,323.98,Completed
500257,10830,2024-06-23,20,1,19.99,0.1,17.99,Completed
500333,10820,2024-06-23,27,2,59.99,0.1,107.98,Completed
502259,10412,2024-06-24,7,1,39.99,0.0,39.99,Completed
503480,10238,2024-06-24,21,2,12.99,0.05,24.68,Completed
504008,10067,2024-06-24,4,1,59.99,0.0,59.99,Completed
501014,10799,2024-06-24,22,1,29.99,0.0,29.99,Completed
502196,10519,2024-06-24,4,1,59.99,0.05,0.0,Returned
504662,10717,2024-06-24,19,3,64.99,0.05,185.22,Completed
503655,10580,2024-06-24,16,1,24.99,0.05,23.74,Completed
503262,10631,2024-06-25,3,4,89.99,0.0,359.96,Completed
503451,10613,2024-06-25,25,2,24.99,0.1,44.98,Completed
503063,10705,2024-06-25,26,1,22.99,0.05,0.0,Returned
503968,10125,2024-06-25,15,1,11.99,0.0,11.99,Completed
500365,10201,2024-06-25,20,1,19.99,0.0,19.99,Completed
501328,10184,2024-06-25,18,3,34.99,0.15,89.22,Completed
500427,10681,2024-06-25,11,1,279.99,0.1,251.99,Completed
501083,10385,2024-06-25,1,2,49.99,0.0,99.98,Completed
500118,10592,2024-06-26,9,2,399.99,0.0,799.98,Completed
504473,10073,2024-06-26,11,1,279.99,0.0,279.99,Completed
504582,10094,2024-06-26,17,1,69.99,0.0,69.99,Completed
501385,10611,2024-06-26,26,4,22.99,0.15,78.17,Completed
504949,10619,2024-06-26,21,1,12.99,0.0,0.0,Cancelled
502186,10903,2024-06-26,17,1,69.99,0.15,59.49,Completed
503796,10269,2024-06-26,9,1,399.99,0.0,399.99,Completed
501779,10419,2024-06-26,26,1,22.99,0.0,22.99,Completed
500881,10610,2024-06-27,7,1,39.99,0.0,39.99,Completed
501802,10461,2024-06-27,6,1,79.99,0.15,67.99,Completed
500633,10594,2024-06-27,8,1,249.99,0.15,212.49,Completed
500548,10933,2024-06-27,5,1,149.99,0.0,149.99,Completed
501984,10547,2024-06-27,26,2,22.99,0.05,43.68,Completed
500308,10519,2024-06-27,29,2,199.99,0.0,399.98,Completed
501746,10268,2024-06-27,17,5,69.99,0.0,349.95,Completed
503814,10419,2024-06-27,17,1,69.99,0.05,66.49,Completed
500224,10277,2024-06-27,5,2,149.99,0.0,299.98,Completed
500969,10683,2024-06-28,17,1,69.99,0.0,69.99,Completed
504240,10455,2024-06-28,14,2,14.99,0.1,26.98,Completed
501860,10518,2024-06-28,16,1,24.99,0.0,24.99,Completed
501171,10157,2024-06-28,2,1,29.99,0.1,26.99,Completed
501299,10950,2024-06-28,19,1,64.99,0.1,58.49,Completed
503078,10353,2024-06-28,10,1,179.99,0.05,170.99,Completed
501303,10047,2024-06-28,23,4,44.99,0.0,179.96,Completed
501441,10083,2024-06-29,25,2,24.99,0.0,49.98,Completed
501959,10287,2024-06-29,20,1,19.99,0.1,17.99,Completed
500085,10235,2024-06-29,26,1,22.99,0.15,0.0,Returned
503180,10008,2024-06-29,26,2,22.99,0.0,45.98,Completed
502228,10223,2024-06-29,24,3,39.99,0.0,119.97,Completed
502234,10797,2024-06-29,18,1,34.99,0.0,34.99,Completed
504511,10982,2024-06-29,7,3,39.99,0.0,119.97,Completed
503279,10096,2024-06-29,22,1,29.99,0.0,29.99,Completed
501352,10798,2024-06-30,14,1,14.99,0.0,14.99,Completed
500468,10638,2024-06-30,12,2,109.99,0.0,219.98,Completed
501982,10253,2024-06-30,26,1,22.99,0.15,19.54,Completed
500813,10266,2024-06-30,4,2,59.99,0.0,119.98,Completed
502746,10638,2024-06-30,1,1,49.99,0.0,0.0,Cancelled
501457,10726,2024-06-30,12,1,109.99,0.15,93.49,Completed
503203,10903,2024-06-30,25,1,24.99,0.0,24.99,Completed
502771,10180,2024-06-30,15,2,11.99,0.15,20.38,Completed
502988,10164,2024-07-01,18,1,34.99,0.0,0.0,Cancelled
504612,10196,2024-07-01,26,1,22.99,0.1,20.69,Completed
500582,10667,2024-07-01,19,4,64.99,0.05,246.96,Completed
504132,10436,2024-07-01,3,1,89.99,0.0,89.99,Completed
500552,10310,2024-07-01,26,1,22.99,0.0,22.99,Completed
501154,10945,2024-07-01,30,5,229.99,0.0,1149.95,Completed
504839,10845,2024-07-02,22,2,29.99,0.0,59.98,Completed
504640,10845,2024-07-02,29,2,199.99,0.0,399.98,Completed
501649,10023,2024-07-02,13,1,179.99,0.0,179.99,Completed
501896,10882,2024-07-02,15,2,11.99,0.05,22.78,Completed
500630,10942,2024-07-02,1,2,49.99,0.0,99.98,Completed
503500,10438,2024-07-02,2,1,29.99,0.05,28.49,Completed
500939,10858,2024-07-03,2,1,29.99,0.1,26.99,Completed
500216,10777,2024-07-03,14,1,14.99,0.05,0.0,Returned
501331,10008,2024-07-04,23,2,44.99,0.05,85.48,Completed
504645,10556,2024-07-04,20,1,19.99,0.0,19.99,Completed
503881,10812,2024-07-04,16,4,24.99,0.05,94.96,Completed
502685,10886,2024-07-04,29,1,199.99,0.05,189.99,Completed
502467,10066,2024-07-04,17,2,69.99,0.1,125.98,Completed
500198,10559,2024-07-04,8,2,249.99,0.0,499.98,Completed
503467,10688,2024-07-04,11,1,279.99,0.0,279.99,Completed
502492,10163,2024-07-04,3,5,89.99,0.0,449.95,Completed
504274,10785,2024-07-04,28,1,129.99,0.0,129.99,Completed
504394,10624,2024-07-05,17,2,69.99,0.05,132.98,Completed
501970,10104,2024-07-05,2,2,29.99,0.05,56.98,Completed
500135,10442,2024-07-05,21,1,12.99,0.15,11.04,Completed
504164,10584,2024-07-05,27,1,59.99,0.0,59.99,Completed
502762,10140,2024-07-05,15,1,11.99,0.1,10.79,Completed
504370,10010,2024-07-05,26,3,22.99,0.0,68.97,Completed
503579,10944,2024-07-05,10,1,179.99,0.1,161.99,Completed
500995,10929,2024-07-05,17,1,69.99,0.0,69.99,Completed
502024,10726,2024-07-06,3,2,89.99,0.1,161.98,Completed
502208,10570,2024-07-06,17,1,69.99,0.1,62.99,Completed
500108,10617,2024-07-06,25,1,24.99,0.0,24.99,Completed
501375,10265,2024-07-06,16,1,24.99,0.0,24.99,Completed
503716,10916,2024-07-06,15,4,11.99,0.05,0.0,Returned
502387,10229,2024-07-06,16,2,24.99,0.0,49.98,Completed
502251,10080,2024-07-06,25,1,24.99,0.05,23.74,Completed
504657,10768,2024-07-07,17,2,69.99,0.05,132.98,Completed
502026,10419,2024-07-07,18,1,34.99,0.0,34.99,Completed
504560,10508,2024-07-07,22,1,29.99,0.2,23.99,Completed
501411,10637,2024-07-07,22,3,29.99,0.0,89.97,Completed
500809,10542,2024-07-07,2,5,29.99,0.0,149.95,Completed
500624,10228,2024-07-07,8,1,249.99,0.05,237.49,Completed
501096,10932,2024-07-07,27,1,59.99,0.0,59.99,Completed
504314,10325,2024-07-07,21,2,12.99,0.1,23.38,Completed
500120,10036,2024-07-07,21,3,12.99,0.0,38.97,Completed
500516,10355,2024-07-07,10,1,179.99,0.05,170.99,Completed
501962,10550,2024-07-07,28,2,129.99,0.0,259.98,Completed
500299,10196,2024-07-08,19,5,64.99,0.05,308.7,Completed
502919,10298,2024-07-08,26,1,22.99,0.0,22.99,Completed
500640,10498,2024-07-09,11,2,279.99,0.0,559.98,Completed
500982,10611,2024-07-09,16,2,24.99,0.05,47.48,Completed
502962,10098,2024-07-09,22,3,29.99,0.1,80.97,Completed
503681,10713,2024-07-09,25,1,24.99,0.0,24.99,Completed
500522,10742,2024-07-09,2,4,29.99,0.05,113.96,Completed
500495,10523,2024-07-09,3,1,89.99,0.0,89.99,Completed
504060,10192,2024-07-09,16,3,24.99,0.0,74.97,Completed
504843,10695,2024-07-10,30,2,229.99,0.0,459.98,Completed
502539,10607,2024-07-10,29,1,199.99,0.05,189.99,Completed
503089,10179,2024-07-10,5,1,149.99,0.0,149.99,Completed
503225,10677,2024-07-10,20,3,19.99,0.2,47.98,Completed
501166,10095,2024-07-10,11,1,279.99,0.05,265.99,Completed
504253,10381,2024-07-10,7,1,39.99,0.05,37.99,Completed
501190,10144,2024-07-10,29,1,199.99,0.1,179.99,Completed
504155,10886,2024-07-10,14,4,14.99,0.0,59.96,Completed
500567,10901,2024-07-10,14,1,14.99,0.0,14.99,Completed
503632,10004,2024-07-10,28,1,129.99,0.05,123.49,Completed
503484,10126,2024-07-11,20,1,19.99,0.0,19.99,Completed
501634,10896,2024-07-11,26,2,22.99,0.05,43.68,Completed
503371,10354,2024-07-11,28,1,129.99,0.0,129.99,Completed
500824,10134,2024-07-11,2,4,29.99,0.05,113.96,Completed
501582,10952,2024-07-11,21,2,12.99,0.15,0.0,Returned
501758,10864,2024-07-12,14,1,14.99,0.0,14.99,Completed
501330,10417,2024-07-12,3,1,89.99,0.05,85.49,Completed
504158,10080,2024-07-12,22,3,29.99,0.05,85.47,Completed
500265,10114,2024-07-13,22,3,29.99,0.0,89.97,Completed
504573,10578,2024-07-13,2,2,29.99,0.1,53.98,Completed
502548,10604,2024-07-13,23,1,44.99,0.0,44.99,Completed
503060,10284,2024-07-13,12,2,109.99,0.0,219.98,Completed
504069,10557,2024-07-14,22,2,29.99,0.0,59.98,Completed
501688,10393,2024-07-14,19,1,64.99,0.0,64.99,Completed
501789,10110,2024-07-14,2,1,29.99,0.05,28.49,Completed
503336,10040,2024-07-14,4,1,59.99,0.0,59.99,Completed
500205,10565,2024-07-14,2,1,29.99,0.2,23.99,Completed
501691,10124,2024-07-14,12,1,109.99,0.15,93.49,Completed
502932,10625,2024-07-15,2,2,29.99,0.05,0.0,Returned
501230,10574,2024-07-15,12,2,109.99,0.0,0.0,Cancelled
503048,10920,2024-07-15,20,3,19.99,0.05,56.97,Completed
500233,10428,2024-07-15,23,1,44.99,0.05,42.74,Completed
504743,10432,2024-07-15,10,1,179.99,0.05,170.99,Completed
501429,10869,2024-07-15,14,1,14.99,0.15,12.74,Completed
500549,10611,2024-07-15,15,1,11.99,0.1,10.79,Completed
504927,10467,2024-07-15,5,4,149.99,0.0,599.96,Completed
504410,10996,2024-07-16,27,2,59.99,0.0,119.98,Completed
502386,10045,2024-07-16,10,2,179.99,0.05,341.98,Completed
503511,10431,2024-07-16,7,4,39.99,0.0,159.96,Completed
500922,10330,2024-07-16,19,3,64.99,0.2,155.98,Completed
502562,10761,2024-07-16,3,1,89.99,0.0,89.99,Completed
501651,10147,2024-07-16,11,2,279.99,0.0,559.98,Completed
502739,10348,2024-07-16,5,2,149.99,0.05,284.98,Completed
500836,10711,2024-07-16,25,1,24.99,0.05,23.74,Completed
503012,10445,2024-07-17,21,1,12.99,0.05,12.34,Completed
502071,10256,2024-07-17,21,2,12.99,0.1,23.38,Completed
504333,10373,2024-07-17,14,1,14.99,0.05,14.24,Completed
500540,10124,2024-07-17,17,1,69.99,0.1,62.99,Completed
501117,10905,2024-07-17,20,2,19.99,0.05,0.0,Cancelled
501002,10914,2024-07-17,4,1,59.99,0.0,0.0,Cancelled
503982,10660,2024-07-17,2,1,29.99,0.0,29.99,Completed
501502,10228,2024-07-17,25,1,24.99,0.05,23.74,Completed
503285,10644,2024-07-18,20,1,19.99,0.15,0.0,Returned
501105,10722,2024-07-18,17,3,69.99,0.0,209.97,Completed
500641,10048,2024-07-18,3,1,89.99,0.0,89.99,Completed
504752,10500,2024-07-18,1,1,49.99,0.0,49.99,Completed
502639,10794,2024-07-18,27,1,59.99,0.05,0.0,Returned
501744,10455,2024-07-18,24,2,39.99,0.0,79.98,Completed
504984,10191,2024-07-18,16,1,24.99,0.05,23.74,Completed
502074,10629,2024-07-18,25,3,24.99,0.0,74.97,Completed
501446,10138,2024-07-18,16,1,24.99,0.0,24.99,Completed
501656,10328,2024-07-19,19,1,64.99,0.05,61.74,Completed
503659,10337,2024-07-19,24,1,39.99,0.0,0.0,Cancelled
503799,10126,2024-07-19,3,3,89.99,0.0,269.97,Completed
504946,10455,2024-07-19,22,1,29.99,0.0,29.99,Completed
503646,10470,2024-07-20,19,1,64.99,0.0,0.0,Returned
503426,10406,2024-07-20,12,1,109.99,0.1,98.99,Completed
502709,10324,2024-07-20,19,1,64.99,0.0,64.99,Completed
503458,10452,2024-07-20,19,1,64.99,0.05,61.74,Completed
504346,10989,2024-07-21,29,1,199.99,0.0,199.99,Completed
503514,10486,2024-07-21,21,1,12.99,0.0,12.99,Completed
501993,10851,2024-07-21,4,1,59.99,0.05,0.0,Cancelled
504785,10579,2024-07-21,23,2,44.99,0.1,80.98,Completed
503455,10031,2024-07-21,18,3,34.99,0.0,104.97,Completed
504584,10771,2024-07-21,30,3,229.99,0.1,620.97,Completed
500148,10525,2024-07-21,18,1,34.99,0.15,29.74,Completed
503157,10444,2024-07-22,14,1,14.99,0.0,14.99,Completed
504866,10462,2024-07-22,30,1,229.99,0.0,229.99,Completed
502143,10242,2024-07-22,27,1,59.99,0.0,59.99,Completed
501757,10565,2024-07-22,26,1,22.99,0.1,20.69,Completed
504493,10242,2024-07-22,19,1,64.99,0.15,55.24,Completed
504184,10812,2024-07-22,15,1,11.99,0.0,11.99,Completed
502340,10779,2024-07-22,18,2,34.99,0.0,69.98,Completed
501687,10996,2024-07-22,29,1,199.99,0.0,199.99,Completed
503274,10347,2024-07-22,25,4,24.99,0.05,94.96,Completed
501371,10176,2024-07-22,11,1,279.99,0.1,251.99,Completed
502629,10922,2024-07-23,30,1,229.99,0.1,206.99,Completed
503045,10617,2024-07-23,22,1,29.99,0.0,29.99,Completed
503918,10452,2024-07-23,2,1,29.99,0.05,28.49,Completed
504411,10903,2024-07-23,3,1,89.99,0.2,71.99,Completed
504570,10734,2024-07-23,22,1,29.99,0.0,29.99,Completed
501064,10719,2024-07-23,23,1,44.99,0.1,0.0,Returned
501144,10352,2024-07-23,15,2,11.99,0.0,23.98,Completed
500903,10029,2024-07-24,15,1,11.99,0.0,11.99,Completed
502894,10855,2024-07-24,3,2,89.99,0.1,161.98,Completed
500547,10458,2024-07-24,12,1,109.99,0.0,109.99,Completed
501554,10786,2024-07-24,3,4,89.99,0.2,287.97,Completed
500010,10008,2024-07-25,20,2,19.99,0.05,37.98,Completed
500870,10861,2024-07-25,2,3,29.99,0.2,71.98,Completed
504386,10044,2024-07-25,4,5,59.99,0.0,299.95,Completed
501480,10326,2024-07-25,11,1,279.99,0.0,279.99,Completed
504978,10688,2024-07-25,15,2,11.99,0.0,23.98,Completed
504125,10646,2024-07-25,6,1,79.99,0.2,63.99,Completed
501542,10879,2024-07-25,22,1,29.99,0.05,28.49,Completed
502172,10946,2024-07-25,13,1,179.99,0.15,152.99,Completed
502663,10224,2024-07-26,4,1,59.99,0.15,50.99,Completed
504365,10836,2024-07-26,26,2,22.99,0.05,43.68,Completed
503558,10972,2024-07-26,4,2,59.99,0.05,113.98,Completed
504861,10210,2024-07-26,23,1,44.99,0.2,35.99,Completed
503174,10580,2024-07-26,18,1,34.99,0.05,33.24,Completed
500281,10820,2024-07-26,16,1,24.99,0.0,24.99,Completed
503703,10232,2024-07-26,24,3,39.99,0.1,107.97,Completed
504974,10763,2024-07-26,26,1,22.99,0.0,22.99,Completed
502057,10565,2024-07-26,14,1,14.99,0.0,14.99,Completed
503304,10665,2024-07-27,9,1,399.99,0.2,0.0,Returned
504055,10643,2024-07-27,20,1,19.99,0.0,19.99,Completed
500978,10269,2024-07-27,22,1,29.99,0.1,26.99,Completed
500726,10886,2024-07-27,20,1,19.99,0.0,19.99,Completed
500666,10482,2024-07-27,27,1,59.99,0.05,56.99,Completed
502151,10887,2024-07-27,8,1,249.99,0.05,237.49,Completed
500553,10375,2024-07-27,6,2,79.99,0.0,159.98,Completed
504104,10677,2024-07-27,25,1,24.99,0.0,24.99,Completed
501704,10594,2024-07-27,22,1,29.99,0.1,26.99,Completed
500502,10882,2024-07-27,13,1,179.99,0.0,179.99,Completed
504179,10589,2024-07-28,5,4,149.99,0.1,539.96,Completed
504986,10269,2024-07-28,29,1,199.99,0.1,179.99,Completed
502018,10579,2024-07-28,29,1,199.99,0.0,199.99,Completed
503206,10438,2024-07-28,22,1,29.99,0.05,28.49,Completed
504264,10475,2024-07-28,21,1,12.99,0.0,12.99,Completed
501698,10264,2024-07-28,11,1,279.99,0.0,0.0,Returned
502948,10633,2024-07-28,15,1,11.99,0.05,11.39,Completed
502502,10657,2024-07-28,14,1,14.99,0.0,14.99,Completed
503883,10840,2024-07-28,16,1,24.99,0.0,24.99,Completed
501338,10754,2024-07-28,13,1,179.99,0.0,179.99,Completed
500007,10898,2024-07-29,20,1,19.99,0.15,16.99,Completed
501660,10167,2024-07-29,27,2,59.99,0.0,119.98,Completed
501714,10475,2024-07-29,25,1,24.99,0.05,23.74,Completed
502418,10188,2024-07-29,15,1,11.99,0.05,11.39,Completed
502824,10475,2024-07-29,30,3,229.99,0.0,689.97,Completed
503628,10538,2024-07-29,4,1,59.99,0.1,53.99,Completed
500923,10345,2024-07-29,4,2,59.99,0.1,107.98,Completed
502266,10767,2024-07-29,20,3,19.99,0.0,59.97,Completed
504334,10098,2024-07-29,24,1,39.99,0.05,0.0,Returned
504283,10188,2024-07-29,9,1,399.99,0.05,379.99,Completed
502641,10619,2024-07-30,15,1,11.99,0.1,0.0,Returned
502149,10385,2024-07-30,10,1,179.99,0.05,170.99,Completed
500854,10917,2024-07-30,15,1,11.99,0.1,10.79,Completed
503249,10869,2024-07-30,20,3,19.99,0.1,53.97,Completed
501250,10155,2024-07-30,14,1,14.99,0.0,14.99,Completed
504975,10659,2024-07-31,26,1,22.99,0.15,19.54,Completed
504671,10196,2024-07-31,2,2,29.99,0.05,56.98,Completed
502966,10949,2024-07-31,15,1,11.99,0.05,0.0,Cancelled
503275,10232,2024-07-31,20,1,19.99,0.0,19.99,Completed
501311,10143,2024-07-31,20,1,19.99,0.0,19.99,Completed
503914,10628,2024-07-31,7,1,39.99,0.1,35.99,Completed
503538,10095,2024-07-31,21,1,12.99,0.05,12.34,Completed
501528,10566,2024-08-01,16,1,24.99,0.1,22.49,Completed
501227,10372,2024-08-01,21,1,12.99,0.05,12.34,Completed
500387,10611,2024-08-01,10,2,179.99,0.15,305.98,Completed
504500,10788,2024-08-01,26,3,22.99,0.05,65.52,Completed
502876,10523,2024-08-01,3,2,89.99,0.0,179.98,Completed
502848,10605,2024-08-01,17,3,69.99,0.05,199.47,Completed
502662,10420,2024-08-01,21,3,12.99,0.05,37.02,Completed
501811,10803,2024-08-01,1,1,49.99,0.2,39.99,Completed
502796,10793,2024-08-01,16,1,24.99,0.0,0.0,Returned
503634,10611,2024-08-01,23,1,44.99,0.15,38.24,Completed
504911,10528,2024-08-01,22,2,29.99,0.15,50.98,Completed
501922,10250,2024-08-01,13,2,179.99,0.0,0.0,Returned
504154,10937,2024-08-02,6,2,79.99,0.0,159.98,Completed
503766,10713,2024-08-02,4,2,59.99,0.05,113.98,Completed
503674,10641,2024-08-02,15,2,11.99,0.05,22.78,Completed
501006,10155,2024-08-02,21,1,12.99,0.0,12.99,Completed
501503,10071,2024-08-02,17,1,69.99,0.0,69.99,Completed
500609,10542,2024-08-02,3,4,89.99,0.1,323.96,Completed
502543,10909,2024-08-02,3,2,89.99,0.1,161.98,Completed
500058,10059,2024-08-02,3,2,89.99,0.0,179.98,Completed
501463,10601,2024-08-02,15,2,11.99,0.0,23.98,Completed
502187,10604,2024-08-02,15,1,11.99,0.0,11.99,Completed
502578,10572,2024-08-02,25,2,24.99,0.15,42.48,Completed
500575,10703,2024-08-03,10,1,179.99,0.0,179.99,Completed
502111,10283,2024-08-03,7,1,39.99,0.05,37.99,Completed
503463,10098,2024-08-03,22,4,29.99,0.0,119.96,Completed
504611,10783,2024-08-03,3,4,89.99,0.05,341.96,Completed
502159,10111,2024-08-03,25,1,24.99,0.1,22.49,Completed
501264,10887,2024-08-03,6,1,79.99,0.0,79.99,Completed
500778,10767,2024-08-03,4,2,59.99,0.0,119.98,Completed
502640,10277,2024-08-03,16,5,24.99,0.0,124.95,Completed
502462,10231,2024-08-03,21,2,12.99,0.0,25.98,Completed
502067,10590,2024-08-04,9,3,399.99,0.0,1199.97,Completed
500579,10503,2024-08-04,6,4,79.99,0.0,319.96,Completed
503064,10239,2024-08-04,25,2,24.99,0.0,49.98,Completed
500093,10521,2024-08-04,1,2,49.99,0.05,94.98,Completed
500080,10973,2024-08-04,15,3,11.99,0.0,35.97,Completed
504375,10546,2024-08-04,19,1,64.99,0.0,64.99,Completed
501770,10818,2024-08-04,18,2,34.99,0.1,62.98,Completed
502713,10179,2024-08-05,16,1,24.99,0.0,24.99,Completed
501332,10286,2024-08-05,1,4,49.99,0.0,0.0,Returned
504758,10507,2024-08-05,12,2,109.99,0.05,208.98,Completed
504219,10183,2024-08-05,27,2,59.99,0.0,119.98,Completed
504767,10555,2024-08-05,2,2,29.99,0.1,53.98,Completed
503071,10378,2024-08-05,18,1,34.99,0.0,34.99,Completed
502039,10588,2024-08-05,3,2,89.99,0.0,179.98,Completed
504505,10369,2024-08-06,22,2,29.99,0.0,59.98,Completed
500882,10791,2024-08-06,9,1,399.99,0.1,359.99,Completed
501405,10387,2024-08-06,21,2,12.99,0.0,25.98,Completed
501615,10401,2024-08-06,17,1,69.99,0.15,59.49,Completed
500938,10579,2024-08-06,17,1,69.99,0.1,0.0,Cancelled
503033,10602,2024-08-06,21,2,12.99,0.05,24.68,Completed
503259,10859,2024-08-06,22,1,29.99,0.05,28.49,Completed
500021,10143,2024-08-07,1,2,49.99,0.05,94.98,Completed
502594,10915,2024-08-07,22,1,29.99,0.0,29.99,Completed
502114,10119,2024-08-07,30,1,229.99,0.0,229.99,Completed
503315,10745,2024-08-07,29,4,199.99,0.05,759.96,Completed
500223,10340,2024-08-07,28,2,129.99,0.0,259.98,Completed
503222,10153,2024-08-08,1,1,49.99,0.0,49.99,Completed
501401,10270,2024-08-08,9,1,399.99,0.0,399.99,Completed
504129,10161,2024-08-08,27,1,59.99,0.05,56.99,Completed
500464,10051,2024-08-08,22,3,29.99,0.0,89.97,Completed
501607,10514,2024-08-08,22,3,29.99,0.1,80.97,Completed
502116,10766,2024-08-08,18,1,34.99,0.05,33.24,Completed
502978,10388,2024-08-08,21,2,12.99,0.0,25.98,Completed
504358,10323,2024-08-08,10,1,179.99,0.0,179.99,Completed
501455,10189,2024-08-08,6,1,79.99,0.0,79.99,Completed
502715,10496,2024-08-09,15,1,11.99,0.05,11.39,Completed
504220,10805,2024-08-09,21,1,12.99,0.05,12.34,Completed
500631,10828,2024-08-09,8,2,249.99,0.1,449.98,Completed
500707,10482,2024-08-09,22,1,29.99,0.0,29.99,Completed
502859,10216,2024-08-09,15,5,11.99,0.05,56.95,Completed
500152,10534,2024-08-09,22,1,29.99,0.0,29.99,Completed
502980,10976,2024-08-09,20,1,19.99,0.1,17.99,Completed
503118,10892,2024-08-10,7,1,39.99,0.0,39.99,Completed
503890,10854,2024-08-10,15,4,11.99,0.0,0.0,Returned
501975,10008,2024-08-11,11,1,279.99,0.0,279.99,Completed
500222,10505,2024-08-11,16,4,24.99,0.0,99.96,Completed
503194,10036,2024-08-11,21,1,12.99,0.0,12.99,Completed
500670,10725,2024-08-11,6,1,79.99,0.1,0.0,Returned
503957,10356,2024-08-11,21,5,12.99,0.05,61.7,Completed
504249,10322,2024-08-12,23,1,44.99,0.1,0.0,Returned
502105,10928,2024-08-12,18,1,34.99,0.0,34.99,Completed
503684,10504,2024-08-12,2,4,29.99,0.0,0.0,Returned
501947,10104,2024-08-12,8,2,249.99,0.15,424.98,Completed
502985,10693,2024-08-12,10,1,179.99,0.0,179.99,Completed
500448,10798,2024-08-12,22,1,29.99,0.1,26.99,Completed
503308,10349,2024-08-12,3,2,89.99,0.0,179.98,Completed
500403,10350,2024-08-12,21,1,12.99,0.0,12.99,Completed
502740,10155,2024-08-13,20,2,19.99,0.05,37.98,Completed
500273,10682,2024-08-13,21,3,12.99,0.05,37.02,Completed
504420,10347,2024-08-13,17,1,69.99,0.0,0.0,Returned
502490,10345,2024-08-13,4,1,59.99,0.0,59.99,Completed
500975,10383,2024-08-13,1,1,49.99,0.0,49.99,Completed
501431,10632,2024-08-13,5,2,149.99,0.0,299.98,Completed
501316,10334,2024-08-13,12,2,109.99,0.1,197.98,Completed
502846,10361,2024-08-13,3,2,89.99,0.0,179.98,Completed
503201,10981,2024-08-13,21,1,12.99,0.0,12.99,Completed
504924,10140,2024-08-13,15,1,11.99,0.15,10.19,Completed
501474,10565,2024-08-13,3,2,89.99,0.1,161.98,Completed
504774,10224,2024-08-13,19,2,64.99,0.15,0.0,Returned
502675,10625,2024-08-14,19,3,64.99,0.0,194.97,Completed
504675,10321,2024-08-14,6,1,79.99,0.05,75.99,Completed
501869,10421,2024-08-14,7,1,39.99,0.0,39.99,Completed
501639,10314,2024-08-14,1,2,49.99,0.0,99.98,Completed
502769,10383,2024-08-14,10,4,179.99,0.05,683.96,Completed
502725,10260,2024-08-15,2,1,29.99,0.0,29.99,Completed
503263,10245,2024-08-15,16,1,24.99,0.05,23.74,Completed
500792,10124,2024-08-15,19,1,64.99,0.0,64.99,Completed
503409,10352,2024-08-15,4,1,59.99,0.1,53.99,Completed
503894,10502,2024-08-15,21,1,12.99,0.0,12.99,Completed
504939,10410,2024-08-16,16,2,24.99,0.05,47.48,Completed
503320,10832,2024-08-16,19,1,64.99,0.0,64.99,Completed
504669,10390,2024-08-16,14,3,14.99,0.1,40.47,Completed
503348,10811,2024-08-16,12,1,109.99,0.0,109.99,Completed
502870,10666,2024-08-16,13,2,179.99,0.1,323.98,Completed
504085,10310,2024-08-16,10,2,179.99,0.05,341.98,Completed
502268,10083,2024-08-16,22,3,29.99,0.1,80.97,Completed
500806,10030,2024-08-16,11,4,279.99,0.0,1119.96,Completed
502430,10886,2024-08-16,30,1,229.99,0.0,229.99,Completed
501315,10590,2024-08-16,29,2,199.99,0.1,359.98,Completed
502806,10767,2024-08-16,7,2,39.99,0.1,71.98,Completed
504178,10723,2024-08-16,17,1,69.99,0.0,69.99,Completed
500176,10719,2024-08-16,24,1,39.99,0.0,39.99,Completed
501027,10405,2024-08-16,5,2,149.99,0.05,284.98,Completed
502025,10100,2024-08-17,18,1,34.99,0.1,31.49,Completed
503202,10787,2024-08-17,25,1,24.99,0.0,24.99,Completed
503508,10565,2024-08-17,17,1,69.99,0.05,66.49,Completed
504482,10051,2024-08-17,20,2,19.99,0.05,0.0,Cancelled
500654,10016,2024-08-17,26,3,22.99,0.1,62.07,Completed
503986,10410,2024-08-17,22,2,29.99,0.05,56.98,Completed
502042,10602,2024-08-17,26,1,22.99,0.0,22.99,Completed
503848,10630,2024-08-17,3,1,89.99,0.1,80.99,Completed
502573,10451,2024-08-18,5,1,149.99,0.05,142.49,Completed
501825,10065,2024-08-18,21,3,12.99,0.0,38.97,Completed
504888,10036,2024-08-18,26,1,22.99,0.0,22.99,Completed
502306,10787,2024-08-18,18,2,34.99,0.05,66.48,Completed
501572,10358,2024-08-18,20,2,19.99,0.1,35.98,Completed
503095,10540,2024-08-18,3,1,89.99,0.0,89.99,Completed
500592,10143,2024-08-19,9,3,399.99,0.0,1199.97,Completed
502546,10725,2024-08-19,20,1,19.99,0.05,18.99,Completed
501309,10032,2024-08-19,27,3,59.99,0.0,0.0,Returned
503099,10219,2024-08-19,24,2,39.99,0.05,0.0,Cancelled
500023,10579,2024-08-19,20,1,19.99,0.0,19.99,Completed
501304,10949,2024-08-19,26,2,22.99,0.1,41.38,Completed
502753,10395,2024-08-19,6,1,79.99,0.1,71.99,Completed
504628,10823,2024-08-19,19,2,64.99,0.05,123.48,Completed
500314,10170,2024-08-19,17,3,69.99,0.05,199.47,Completed
502482,10192,2024-08-20,27,1,59.99,0.15,50.99,Completed
501112,10347,2024-08-20,26,1,22.99,0.1,20.69,Completed
503101,10045,2024-08-20,29,1,199.99,0.1,179.99,Completed
504665,10172,2024-08-20,16,1,24.99,0.0,24.99,Completed
503059,10949,2024-08-20,21,2,12.99,0.2,20.78,Completed
500349,10620,2024-08-20,14,1,14.99,0.1,13.49,Completed
502333,10350,2024-08-21,5,3,149.99,0.1,404.97,Completed
503303,10473,2024-08-21,8,2,249.99,0.0,499.98,Completed
504233,10829,2024-08-21,15,3,11.99,0.0,35.97,Completed
502951,10930,2024-08-21,20,3,19.99,0.1,53.97,Completed
503080,10216,2024-08-22,3,2,89.99,0.0,179.98,Completed
502775,10955,2024-08-22,1,3,49.99,0.1,134.97,Completed
501759,10683,2024-08-22,11,1,279.99,0.0,279.99,Completed
503026,10184,2024-08-22,25,1,24.99,0.0,24.99,Completed
504608,10663,2024-08-22,21,4,12.99,0.0,51.96,Completed
502999,10978,2024-08-22,2,2,29.99,0.0,59.98,Completed
502993,10188,2024-08-23,22,2,29.99,0.15,50.98,Completed
502044,10935,2024-08-23,24,2,39.99,0.0,79.98,Completed
502987,10968,2024-08-23,27,4,59.99,0.15,203.97,Completed
502328,10066,2024-08-23,20,1,19.99,0.0,19.99,Completed
501259,10765,2024-08-23,20,1,19.99,0.0,19.99,Completed
503197,10670,2024-08-23,2,1,29.99,0.05,28.49,Completed
503677,10305,2024-08-23,12,2,109.99,0.2,175.98,Completed
500712,10761,2024-08-23,27,1,59.99,0.0,59.99,Completed
503892,10603,2024-08-23,30,1,229.99,0.0,229.99,Completed
500385,10156,2024-08-23,8,1,249.99,0.0,249.99,Completed
502854,10961,2024-08-24,22,2,29.99,0.1,0.0,Returned
502742,10445,2024-08-24,13,3,179.99,0.0,539.97,Completed
502900,10879,2024-08-24,2,3,29.99,0.0,0.0,Cancelled
504931,10155,2024-08-24,28,4,129.99,0.0,519.96,Completed
501903,10978,2024-08-24,22,1,29.99,0.0,29.99,Completed
504510,10542,2024-08-24,23,1,44.99,0.05,42.74,Completed
500647,10256,2024-08-24,2,1,29.99,0.0,29.99,Completed
501404,10831,2024-08-24,17,1,69.99,0.1,0.0,Returned
501403,10548,2024-08-24,22,2,29.99,0.05,0.0,Returned
501635,10621,2024-08-24,16,1,24.99,0.0,24.99,Completed
501644,10786,2024-08-24,7,1,39.99,0.0,0.0,Returned
501164,10676,2024-08-25,4,1,59.99,0.1,53.99,Completed
503158,10312,2024-08-25,20,2,19.99,0.0,39.98,Completed
501620,10986,2024-08-25,20,4,19.99,0.05,75.96,Completed
504288,10215,2024-08-25,26,2,22.99,0.1,41.38,Completed
501217,10886,2024-08-25,27,1,59.99,0.15,50.99,Completed
502260,10515,2024-08-25,14,2,14.99,0.1,26.98,Completed
503621,10505,2024-08-26,24,1,39.99,0.1,35.99,Completed
503054,10954,2024-08-26,2,1,29.99,0.1,26.99,Completed
504429,10958,2024-08-26,9,1,399.99,0.0,399.99,Completed
503640,10777,2024-08-26,6,1,79.99,0.15,67.99,Completed
501508,10578,2024-08-26,3,1,89.99,0.0,89.99,Completed
501932,10051,2024-08-26,20,2,19.99,0.05,37.98,Completed
503874,10573,2024-08-26,11,1,279.99,0.05,265.99,Completed
503097,10560,2024-08-27,27,2,59.99,0.15,101.98,Completed
503286,10557,2024-08-27,16,5,24.99,0.0,124.95,Completed
504401,10556,2024-08-27,17,3,69.99,0.15,178.47,Completed
504315,10962,2024-08-27,29,2,199.99,0.0,399.98,Completed
503133,10372,2024-08-27,5,1,149.99,0.1,134.99,Completed
502936,10975,2024-08-27,12,1,109.99,0.05,104.49,Completed
504659,10880,2024-08-28,28,2,129.99,0.05,246.98,Completed
500452,10805,2024-08-28,19,1,64.99,0.1,58.49,Completed
500842,10114,2024-08-28,19,1,64.99,0.15,55.24,Completed
501857,10451,2024-08-28,15,2,11.99,0.05,22.78,Completed
503240,10748,2024-08-29,14,4,14.99,0.0,59.96,Completed
504583,10282,2024-08-29,21,3,12.99,0.0,38.97,Completed
501281,10206,2024-08-29,20,3,19.99,0.1,53.97,Completed
502842,10538,2024-08-30,10,1,179.99,0.1,161.99,Completed
502253,10710,2024-08-30,13,4,179.99,0.0,0.0,Cancelled
502171,10245,2024-08-30,22,1,29.99,0.0,29.99,Completed
500088,10343,2024-08-31,18,2,34.99,0.15,59.48,Completed
502794,10006,2024-08-31,19,1,64.99,0.0,64.99,Completed
504348,10962,2024-08-31,23,1,44.99,0.0,44.99,Completed
504260,10899,2024-08-31,14,1,14.99,0.0,14.99,Completed
500420,10697,2024-09-01,25,1,24.99,0.0,24.99,Completed
503936,10081,2024-09-01,15,2,11.99,0.15,20.38,Completed
504007,10018,2024-09-02,19,1,64.99,0.05,61.74,Completed
500181,10179,2024-09-02,17,1,69.99,0.0,69.99,Completed
503972,10194,2024-09-02,26,1,22.99,0.0,22.99,Completed
503482,10167,2024-09-02,22,2,29.99,0.0,59.98,Completed
501540,10439,2024-09-02,1,2,49.99,0.0,99.98,Completed
500087,10532,2024-09-02,15,3,11.99,0.05,34.17,Completed
502470,10804,2024-09-02,27,2,59.99,0.05,113.98,Completed
501173,10632,2024-09-02,20,2,19.99,0.1,35.98,Completed
501270,10609,2024-09-02,12,4,109.99,0.1,395.96,Completed
503988,10527,2024-09-02,4,1,59.99,0.0,59.99,Completed
504480,10749,2024-09-03,5,1,149.99,0.1,134.99,Completed
501506,10116,2024-09-03,15,2,11.99,0.15,20.38,Completed
501067,10581,2024-09-03,26,3,22.99,0.1,62.07,Completed
500507,10072,2024-09-03,21,5,12.99,0.15,55.21,Completed
500697,10202,2024-09-03,23,1,44.99,0.0,44.99,Completed
504756,10276,2024-09-04,14,2,14.99,0.0,0.0,Cancelled
504721,10612,2024-09-04,14,1,14.99,0.1,13.49,Completed
501287,10145,2024-09-04,5,1,149.99,0.2,119.99,Completed
502575,10035,2024-09-04,21,1,12.99,0.05,12.34,Completed
502077,10882,2024-09-04,7,2,39.99,0.0,79.98,Completed
500817,10896,2024-09-04,16,1,24.99,0.0,0.0,Returned
500441,10544,2024-09-05,24,1,39.99,0.0,39.99,Completed
502108,10675,2024-09-05,14,1,14.99,0.15,12.74,Completed
502083,10796,2024-09-05,13,2,179.99,0.15,0.0,Returned
503987,10614,2024-09-05,21,1,12.99,0.05,12.34,Completed
503204,10464,2024-09-05,5,1,149.99,0.0,149.99,Completed
503468,10248,2024-09-05,23,2,44.99,0.05,85.48,Completed
500318,10372,2024-09-05,15,2,11.99,0.05,22.78,Completed
501359,10208,2024-09-06,28,4,129.99,0.0,519.96,Completed
502934,10446,2024-09-06,26,1,22.99,0.1,20.69,Completed
500772,10820,2024-09-07,6,2,79.99,0.0,159.98,Completed
501491,10614,2024-09-07,15,3,11.99,0.05,34.17,Completed
501341,10452,2024-09-07,9,1,399.99,0.05,379.99,Completed
502486,10670,2024-09-07,16,2,24.99,0.05,47.48,Completed
500239,10085,2024-09-07,20,1,19.99,0.05,18.99,Completed
501708,10131,2024-09-08,23,2,44.99,0.05,85.48,Completed
501793,10165,2024-09-08,14,1,14.99,0.0,0.0,Returned
503481,10663,2024-09-09,14,4,14.99,0.05,56.96,Completed
504275,10761,2024-09-09,5,2,149.99,0.05,284.98,Completed
502345,10156,2024-09-09,29,1,199.99,0.1,179.99,Completed
503869,10688,2024-09-09,3,1,89.99,0.0,89.99,Completed
500363,10869,2024-09-09,25,1,24.99,0.0,24.99,Completed
503590,10579,2024-09-09,27,1,59.99,0.05,56.99,Completed
503077,10058,2024-09-09,28,2,129.99,0.0,259.98,Completed
500158,10635,2024-09-09,17,1,69.99,0.0,69.99,Completed
501255,10318,2024-09-09,5,1,149.99,0.0,149.99,Completed
500680,10190,2024-09-09,11,3,279.99,0.1,755.97,Completed
503886,10926,2024-09-09,24,1,39.99,0.15,33.99,Completed
504197,10161,2024-09-09,13,1,179.99,0.05,0.0,Returned
503505,10869,2024-09-09,26,1,22.99,0.05,21.84,Completed
503168,10958,2024-09-10,5,1,149.99,0.05,142.49,Completed
501374,10789,2024-09-10,14,3,14.99,0.05,42.72,Completed
504962,10990,2024-09-10,25,2,24.99,0.1,44.98,Completed
501146,10064,2024-09-10,16,1,24.99,0.15,21.24,Completed
502043,10655,2024-09-11,2,2,29.99,0.05,56.98,Completed
503976,10920,2024-09-11,7,1,39.99,0.0,39.99,Completed
501412,10978,2024-09-11,24,1,39.99,0.0,39.99,Completed
501745,10644,2024-09-11,7,4,39.99,0.0,159.96,Completed
502405,10832,2024-09-11,1,1,49.99,0.0,49.99,Completed
502316,10193,2024-09-11,1,3,49.99,0.1,134.97,Completed
501477,10422,2024-09-11,4,4,59.99,0.0,239.96,Completed
502610,10518,2024-09-11,22,3,29.99,0.0,0.0,Returned
501360,10451,2024-09-11,2,1,29.99,0.0,29.99,Completed
500156,10766,2024-09-11,12,3,109.99,0.2,263.98,Completed
501392,10073,2024-09-11,21,2,12.99,0.2,20.78,Completed
502649,10109,2024-09-12,18,1,34.99,0.0,34.99,Completed
501421,10564,2024-09-12,8,1,249.99,0.0,249.99,Completed
500706,10390,2024-09-12,16,2,24.99,0.0,49.98,Completed
504452,10089,2024-09-13,4,3,59.99,0.0,179.97,Completed
504103,10378,2024-09-13,30,2,229.99,0.15,390.98,Completed
504120,10371,2024-09-13,29,2,199.99,0.1,359.98,Completed
502051,10440,2024-09-13,18,3,34.99,0.0,104.97,Completed
502998,10440,2024-09-13,12,1,109.99,0.15,0.0,Returned
504427,10524,2024-09-13,17,1,69.99,0.15,59.49,Completed
504618,10703,2024-09-13,14,3,14.99,0.0,44.97,Completed
500159,10727,2024-09-13,3,1,89.99,0.1,0.0,Cancelled
504313,10251,2024-09-13,26,2,22.99,0.0,45.98,Completed
501670,10293,2024-09-14,22,4,29.99,0.05,113.96,Completed
504797,10386,2024-09-14,27,1,59.99,0.0,59.99,Completed
504947,10356,2024-09-14,10,1,179.99,0.1,161.99,Completed
502981,10019,2024-09-14,14,1,14.99,0.0,14.99,Completed
502023,10480,2024-09-14,22,1,29.99,0.05,28.49,Completed
501367,10818,2024-09-14,21,1,12.99,0.0,12.99,Completed
501312,10893,2024-09-14,22,1,29.99,0.0,29.99,Completed
500192,10125,2024-09-15,25,1,24.99,0.0,24.99,Completed
501841,10017,2024-09-15,11,2,279.99,0.05,531.98,Completed
501355,10475,2024-09-15,6,2,79.99,0.0,159.98,Completed
502054,10431,2024-09-15,18,3,34.99,0.0,104.97,Completed
501891,10619,2024-09-15,21,1,12.99,0.1,11.69,Completed
502190,10629,2024-09-15,22,1,29.99,0.0,29.99,Completed
502735,10838,2024-09-15,12,2,109.99,0.0,219.98,Completed
500137,10244,2024-09-16,19,2,64.99,0.0,129.98,Completed
502834,10358,2024-09-16,3,1,89.99,0.15,76.49,Completed
502302,10143,2024-09-16,19,1,64.99,0.15,55.24,Completed
504957,10216,2024-09-16,8,2,249.99,0.05,474.98,Completed
500780,10372,2024-09-16,16,1,24.99,0.1,22.49,Completed
504635,10836,2024-09-16,21,1,12.99,0.0,12.99,Completed
500048,10528,2024-09-16,4,1,59.99,0.1,53.99,Completed
500114,10044,2024-09-16,23,1,44.99,0.0,44.99,Completed
502047,10978,2024-09-17,29,3,199.99,0.05,569.97,Completed
504993,10497,2024-09-17,12,1,109.99,0.1,98.99,Completed
502905,10381,2024-09-17,23,1,44.99,0.0,44.99,Completed
500508,10898,2024-09-17,17,4,69.99,0.0,279.96,Completed
504332,10282,2024-09-17,3,2,89.99,0.0,179.98,Completed
502628,10697,2024-09-17,12,2,109.99,0.0,0.0,Returned
503284,10625,2024-09-18,15,2,11.99,0.1,21.58,Completed
501613,10891,2024-09-18,3,1,89.99,0.05,85.49,Completed
501855,10942,2024-09-18,20,1,19.99,0.05,18.99,Completed
502868,10957,2024-09-18,23,2,44.99,0.0,89.98,Completed
504972,10248,2024-09-18,3,3,89.99,0.0,269.97,Completed
500028,10761,2024-09-19,13,1,179.99,0.0,179.99,Completed
502408,10278,2024-09-20,30,1,229.99,0.1,206.99,Completed
503959,10210,2024-09-20,1,3,49.99,0.15,127.47,Completed
502078,10745,2024-09-20,12,2,109.99,0.1,197.98,Completed
504814,10705,2024-09-20,12,2,109.99,0.0,219.98,Completed
500227,10788,2024-09-21,9,1,399.99,0.05,379.99,Completed
501063,10630,2024-09-21,30,4,229.99,0.15,781.97,Completed
504404,10401,2024-09-21,16,2,24.99,0.05,47.48,Completed
500763,10710,2024-09-21,14,2,14.99,0.15,25.48,Completed
501709,10109,2024-09-21,17,1,69.99,0.2,55.99,Completed
504856,10025,2024-09-21,4,5,59.99,0.1,269.96,Completed
503765,10235,2024-09-21,20,4,19.99,0.0,79.96,Completed
501611,10918,2024-09-22,19,2,64.99,0.0,129.98,Completed
504976,10184,2024-09-22,2,2,29.99,0.1,53.98,Completed
501100,10747,2024-09-22,25,1,24.99,0.05,23.74,Completed
504194,10411,2024-09-22,16,3,24.99,0.0,74.97,Completed
501284,10027,2024-09-22,20,1,19.99,0.0,19.99,Completed
500279,10849,2024-09-22,14,1,14.99,0.05,14.24,Completed
503727,10683,2024-09-22,13,3,179.99,0.0,539.97,Completed
501205,10448,2024-09-23,28,4,129.99,0.0,519.96,Completed
504678,10214,2024-09-23,8,3,249.99,0.15,637.47,Completed
501239,10287,2024-09-23,22,4,29.99,0.0,119.96,Completed
503266,10887,2024-09-23,2,1,29.99,0.05,28.49,Completed
502583,10411,2024-09-23,16,2,24.99,0.05,47.48,Completed
500029,10986,2024-09-23,16,3,24.99,0.05,71.22,Completed
500526,10956,2024-09-23,20,2,19.99,0.0,39.98,Completed
500534,10753,2024-09-24,13,1,179.99,0.0,179.99,Completed
504447,10913,2024-09-24,14,1,14.99,0.05,14.24,Completed
504828,10612,2024-09-24,1,1,49.99,0.0,0.0,Returned
504907,10484,2024-09-24,9,1,399.99,0.15,339.99,Completed
501155,10577,2024-09-24,10,2,179.99,0.1,323.98,Completed
503962,10269,2024-09-24,4,2,59.99,0.0,119.98,Completed
500151,10143,2024-09-24,3,1,89.99,0.0,89.99,Completed
504088,10817,2024-09-24,30,1,229.99,0.0,229.99,Completed
503489,10611,2024-09-24,14,1,14.99,0.1,13.49,Completed
501881,10978,2024-09-24,5,1,149.99,0.0,149.99,Completed
502444,10308,2024-09-25,15,4,11.99,0.05,0.0,Returned
504905,10276,2024-09-25,19,1,64.99,0.0,64.99,Completed
500041,10042,2024-09-25,5,2,149.99,0.0,299.98,Completed
500325,10459,2024-09-25,25,2,24.99,0.0,49.98,Completed
501821,10612,2024-09-25,25,3,24.99,0.0,74.97,Completed
504236,10312,2024-09-25,25,2,24.99,0.0,49.98,Completed
502275,10897,2024-09-26,19,1,64.99,0.05,61.74,Completed
503551,10034,2024-09-26,12,2,109.99,0.1,197.98,Completed
500968,10879,2024-09-26,22,2,29.99,0.2,47.98,Completed
503861,10494,2024-09-26,14,2,14.99,0.1,26.98,Completed
503127,10623,2024-09-26,12,1,109.99,0.05,104.49,Completed
502309,10202,2024-09-26,9,3,399.99,0.2,959.98,Completed
504128,10143,2024-09-26,6,1,79.99,0.05,75.99,Completed
500677,10505,2024-09-26,21,2,12.99,0.05,24.68,Completed
503875,10701,2024-09-26,21,1,12.99,0.05,12.34,Completed
500583,10918,2024-09-26,24,2,39.99,0.0,79.98,Completed
503407,10779,2024-09-26,14,1,14.99,0.05,14.24,Completed
502793,10059,2024-09-27,9,1,399.99,0.1,359.99,Completed
500695,10042,2024-09-27,26,2,22.99,0.15,39.08,Completed
502048,10870,2024-09-27,22,4,29.99,0.1,107.96,Completed
502173,10610,2024-09-27,15,1,11.99,0.0,11.99,Completed
500187,10171,2024-09-27,23,2,44.99,0.0,89.98,Completed
504036,10520,2024-09-27,21,1,12.99,0.05,12.34,Completed
501198,10452,2024-09-27,30,3,229.99,0.05,655.47,Completed
504319,10484,2024-09-27,16,2,24.99,0.1,0.0,Returned
503509,10083,2024-09-27,21,2,12.99,0.0,25.98,Completed
503983,10514,2024-09-27,3,3,89.99,0.0,269.97,Completed
501710,10713,2024-09-27,18,3,34.99,0.05,99.72,Completed
502085,10851,2024-09-27,22,1,29.99,0.05,28.49,Completed
501004,10486,2024-09-27,24,3,39.99,0.0,119.97,Completed
504477,10471,2024-09-27,27,4,59.99,0.0,239.96,Completed
500503,10456,2024-09-28,25,2,24.99,0.0,49.98,Completed
502719,10749,2024-09-28,11,3,279.99,0.0,839.97,Completed
504006,10663,2024-09-28,6,4,79.99,0.1,287.96,Completed
503037,10036,2024-09-29,15,2,11.99,0.1,0.0,Returned
500072,10390,2024-09-29,15,2,11.99,0.0,0.0,Returned
504293,10463,2024-09-29,12,1,109.99,0.0,109.99,Completed
501033,10803,2024-09-29,23,1,44.99,0.0,44.99,Completed
500600,10380,2024-09-29,15,1,11.99,0.1,10.79,Completed
502752,10186,2024-09-29,10,3,179.99,0.0,539.97,Completed
504859,10038,2024-09-29,2,1,29.99,0.0,29.99,Completed
501081,10884,2024-09-29,2,1,29.99,0.1,26.99,Completed
500866,10059,2024-09-29,21,4,12.99,0.0,51.96,Completed
500742,10709,2024-09-29,18,1,34.99,0.0,34.99,Completed
500894,10864,2024-09-29,25,1,24.99,0.2,0.0,Returned
500488,10715,2024-09-30,16,1,24.99,0.0,24.99,Completed
502807,10028,2024-09-30,6,3,79.99,0.0,239.97,Completed
502879,10012,2024-09-30,14,2,14.99,0.15,0.0,Returned
504363,10155,2024-09-30,17,1,69.99,0.15,59.49,Completed
500191,10355,2024-09-30,17,1,69.99,0.0,69.99,Completed
501044,10036,2024-09-30,2,2,29.99,0.1,53.98,Completed
503872,10306,2024-09-30,16,2,24.99,0.05,47.48,Completed
500018,10585,2024-10-01,26,3,22.99,0.05,65.52,Completed
503420,10400,2024-10-01,15,4,11.99,0.1,43.16,Completed
503929,10904,2024-10-01,16,3,24.99,0.15,63.72,Completed
502415,10958,2024-10-01,16,3,24.99,0.0,74.97,Completed
504798,10019,2024-10-01,13,1,179.99,0.0,179.99,Completed
501659,10229,2024-10-01,14,1,14.99,0.0,14.99,Completed
504576,10942,2024-10-01,30,1,229.99,0.0,229.99,Completed
503812,10691,2024-10-01,10,1,179.99,0.0,179.99,Completed
500356,10186,2024-10-01,25,2,24.99,0.1,0.0,Returned
501339,10611,2024-10-01,25,3,24.99,0.0,74.97,Completed
503121,10295,2024-10-02,11,1,279.99,0.0,279.99,Completed
502412,10893,2024-10-02,19,1,64.99,0.0,64.99,Completed
502201,10076,2024-10-02,17,2,69.99,0.05,132.98,Completed
503901,10048,2024-10-02,2,1,29.99,0.05,28.49,Completed
503053,10562,2024-10-02,26,2,22.99,0.05,43.68,Completed
503795,10266,2024-10-02,3,4,89.99,0.1,323.96,Completed
501151,10719,2024-10-02,20,2,19.99,0.0,0.0,Returned
504188,10930,2024-10-02,15,1,11.99,0.0,11.99,Completed
503714,10723,2024-10-03,16,2,24.99,0.0,49.98,Completed
504668,10958,2024-10-03,25,2,24.99,0.05,47.48,Completed
501638,10390,2024-10-03,7,4,39.99,0.15,135.97,Completed
501835,10125,2024-10-03,30,3,229.99,0.0,689.97,Completed
503771,10264,2024-10-04,23,1,44.99,0.05,42.74,Completed
504855,10620,2024-10-04,5,1,149.99,0.2,0.0,Returned
501168,10297,2024-10-04,21,1,12.99,0.1,11.69,Completed
503022,10957,2024-10-04,15,2,11.99,0.0,23.98,Completed
504223,10458,2024-10-04,20,1,19.99,0.05,18.99,Completed
500096,10109,2024-10-04,21,1,12.99,0.0,12.99,Completed
500147,10364,2024-10-04,6,3,79.99,0.0,239.97,Completed
502400,10978,2024-10-04,27,1,59.99,0.0,59.99,Completed
500767,10010,2024-10-04,12,2,109.99,0.0,0.0,Cancelled
500873,10384,2024-10-04,19,3,64.99,0.1,175.47,Completed
502474,10076,2024-10-04,9,1,399.99,0.0,399.99,Completed
504049,10224,2024-10-05,4,1,59.99,0.1,53.99,Completed
501763,10727,2024-10-05,16,4,24.99,0.0,99.96,Completed
501703,10595,2024-10-05,23,2,44.99,0.0,89.98,Completed
501340,10771,2024-10-05,13,2,179.99,0.0,359.98,Completed
500926,10060,2024-10-05,8,5,249.99,0.1,1124.96,Completed
502683,10722,2024-10-05,23,5,44.99,0.0,224.95,Completed
504111,10440,2024-10-05,20,4,19.99,0.2,63.97,Completed
502871,10536,2024-10-06,21,1,12.99,0.1,11.69,Completed
502666,10649,2024-10-06,5,1,149.99,0.1,134.99,Completed
502896,10406,2024-10-06,14,4,14.99,0.05,56.96,Completed
504284,10505,2024-10-06,22,1,29.99,0.0,29.99,Completed
502012,10761,2024-10-07,12,2,109.99,0.0,219.98,Completed
502414,10263,2024-10-07,3,1,89.99,0.0,89.99,Completed
504105,10729,2024-10-07,19,2,64.99,0.15,110.48,Completed
501462,10579,2024-10-07,2,1,29.99,0.0,29.99,Completed
503885,10397,2024-10-07,15,1,11.99,0.05,11.39,Completed
503017,10470,2024-10-07,21,2,12.99,0.05,24.68,Completed
503678,10238,2024-10-07,9,3,399.99,0.15,1019.97,Completed
501369,10435,2024-10-08,1,1,49.99,0.0,49.99,Completed
504672,10805,2024-10-08,2,1,29.99,0.05,28.49,Completed
502913,10360,2024-10-08,4,4,59.99,0.1,215.96,Completed
504387,10624,2024-10-08,10,4,179.99,0.2,575.97,Completed
501138,10668,2024-10-08,8,5,249.99,0.2,999.96,Completed
502441,10766,2024-10-08,7,3,39.99,0.0,119.97,Completed
502869,10786,2024-10-09,23,2,44.99,0.05,85.48,Completed
501669,10662,2024-10-09,16,1,24.99,0.1,22.49,Completed
504136,10887,2024-10-09,11,2,279.99,0.0,559.98,Completed
501296,10618,2024-10-09,15,1,11.99,0.05,11.39,Completed
500783,10947,2024-10-09,15,1,11.99,0.05,11.39,Completed
502559,10105,2024-10-09,22,1,29.99,0.0,29.99,Completed
502122,10675,2024-10-09,19,1,64.99,0.0,64.99,Completed
500125,10785,2024-10-09,30,2,229.99,0.0,459.98,Completed
500650,10915,2024-10-09,19,1,64.99,0.05,61.74,Completed
502728,10183,2024-10-09,4,1,59.99,0.1,53.99,Completed
500788,10780,2024-10-10,26,1,22.99,0.05,21.84,Completed
500992,10962,2024-10-10,14,3,14.99,0.0,44.97,Completed
503116,10944,2024-10-10,26,1,22.99,0.05,21.84,Completed
502965,10915,2024-10-10,16,2,24.99,0.05,47.48,Completed
500621,10900,2024-10-10,15,1,11.99,0.0,0.0,Cancelled
501426,10902,2024-10-10,25,3,24.99,0.05,71.22,Completed
502247,10386,2024-10-11,18,3,34.99,0.1,94.47,Completed
504653,10792,2024-10-11,19,2,64.99,0.1,116.98,Completed
503576,10578,2024-10-11,2,1,29.99,0.0,0.0,Cancelled
503871,10841,2024-10-11,15,1,11.99,0.1,10.79,Completed
501690,10861,2024-10-11,22,2,29.99,0.05,56.98,Completed
500611,10744,2024-10-11,15,2,11.99,0.05,22.78,Completed
500851,10632,2024-10-12,2,2,29.99,0.05,56.98,Completed
501130,10025,2024-10-12,29,2,199.99,0.2,319.98,Completed
504732,10546,2024-10-12,2,1,29.99,0.15,25.49,Completed
503549,10856,2024-10-12,16,1,24.99,0.0,24.99,Completed
502908,10641,2024-10-12,14,2,14.99,0.15,25.48,Completed
502375,10384,2024-10-12,30,1,229.99,0.0,229.99,Completed
500962,10887,2024-10-13,26,1,22.99,0.0,22.99,Completed
503504,10580,2024-10-13,11,1,279.99,0.0,279.99,Completed
500485,10455,2024-10-13,25,2,24.99,0.0,49.98,Completed
503687,10260,2024-10-13,24,4,39.99,0.1,143.96,Completed
504335,10452,2024-10-13,25,4,24.99,0.15,84.97,Completed
504231,10861,2024-10-14,14,4,14.99,0.15,50.97,Completed
501707,10747,2024-10-14,2,3,29.99,0.1,80.97,Completed
502763,10262,2024-10-14,1,1,49.99,0.15,42.49,Completed
504981,10748,2024-10-14,6,1,79.99,0.0,79.99,Completed
502726,10095,2024-10-14,30,3,229.99,0.0,689.97,Completed
504419,10361,2024-10-14,26,1,22.99,0.0,22.99,Completed
503432,10900,2024-10-15,20,1,19.99,0.05,18.99,Completed
501930,10994,2024-10-15,29,2,199.99,0.0,0.0,Returned
504751,10876,2024-10-15,27,1,59.99,0.0,59.99,Completed
503973,10384,2024-10-15,17,4,69.99,0.0,279.96,Completed
500360,10789,2024-10-15,26,2,22.99,0.0,45.98,Completed
501310,10835,2024-10-15,6,1,79.99,0.05,75.99,Completed
503001,10875,2024-10-15,9,1,399.99,0.15,339.99,Completed
504117,10064,2024-10-15,2,2,29.99,0.0,59.98,Completed
503155,10735,2024-10-15,27,1,59.99,0.05,56.99,Completed
502335,10225,2024-10-15,14,1,14.99,0.1,13.49,Completed
503535,10424,2024-10-16,30,2,229.99,0.0,459.98,Completed
502942,10826,2024-10-16,15,2,11.99,0.0,0.0,Cancelled
502872,10171,2024-10-16,28,2,129.99,0.0,259.98,Completed
503271,10119,2024-10-16,15,1,11.99,0.0,11.99,Completed
503325,10461,2024-10-16,25,1,24.99,0.0,24.99,Completed
504643,10552,2024-10-17,14,4,14.99,0.1,53.96,Completed
503902,10259,2024-10-17,21,1,12.99,0.05,12.34,Completed
500736,10189,2024-10-17,21,2,12.99,0.15,22.08,Completed
502008,10474,2024-10-17,20,2,19.99,0.2,31.98,Completed
500121,10497,2024-10-17,30,1,229.99,0.05,218.49,Completed
502625,10437,2024-10-17,25,1,24.99,0.0,24.99,Completed
502232,10780,2024-10-18,15,2,11.99,0.0,23.98,Completed
504016,10301,2024-10-18,21,1,12.99,0.05,0.0,Returned
503106,10178,2024-10-18,21,1,12.99,0.0,12.99,Completed
503552,10939,2024-10-18,4,4,59.99,0.05,0.0,Returned
500123,10420,2024-10-18,14,2,14.99,0.1,26.98,Completed
504521,10614,2024-10-18,18,3,34.99,0.0,104.97,Completed
503494,10047,2024-10-18,24,1,39.99,0.0,39.99,Completed
501000,10706,2024-10-18,16,1,24.99,0.05,23.74,Completed
501196,10456,2024-10-19,4,2,59.99,0.0,119.98,Completed
502522,10950,2024-10-19,18,1,34.99,0.0,34.99,Completed
504474,10717,2024-10-19,14,1,14.99,0.0,14.99,Completed
502915,10719,2024-10-19,23,3,44.99,0.1,121.47,Completed
504977,10053,2024-10-19,11,4,279.99,0.0,1119.96,Completed
503231,10467,2024-10-19,2,1,29.99,0.2,23.99,Completed
503760,10996,2024-10-19,16,2,24.99,0.1,44.98,Completed
503297,10507,2024-10-19,30,2,229.99,0.05,436.98,Completed
501497,10143,2024-10-20,27,1,59.99,0.2,47.99,Completed
500374,10053,2024-10-20,27,1,59.99,0.0,59.99,Completed
500867,10298,2024-10-20,13,1,179.99,0.0,179.99,Completed
501269,10710,2024-10-20,1,1,49.99,0.1,44.99,Completed
501282,10566,2024-10-20,14,3,14.99,0.0,44.97,Completed
504676,10137,2024-10-20,20,2,19.99,0.1,35.98,Completed
504181,10895,2024-10-20,12,1,109.99,0.1,98.99,Completed
500249,10477,2024-10-20,3,1,89.99,0.05,85.49,Completed
502820,10859,2024-10-21,25,4,24.99,0.1,89.96,Completed
504198,10262,2024-10-21,20,3,19.99,0.0,59.97,Completed
500808,10858,2024-10-21,9,2,399.99,0.0,799.98,Completed
503574,10484,2024-10-21,22,1,29.99,0.05,28.49,Completed
503289,10533,2024-10-21,10,2,179.99,0.1,323.98,Completed
500820,10860,2024-10-22,18,1,34.99,0.1,31.49,Completed
501850,10988,2024-10-22,21,2,12.99,0.0,25.98,Completed
501596,10345,2024-10-22,6,1,79.99,0.1,71.99,Completed
500424,10277,2024-10-22,15,1,11.99,0.2,9.59,Completed
504342,10665,2024-10-22,22,3,29.99,0.0,89.97,Completed
502265,10768,2024-10-23,16,3,24.99,0.15,63.72,Completed
503349,10505,2024-10-23,25,2,24.99,0.0,49.98,Completed
501571,10905,2024-10-23,24,1,39.99,0.0,39.99,Completed
502185,10015,2024-10-23,17,1,69.99,0.05,66.49,Completed
500438,10022,2024-10-23,21,1,12.99,0.0,12.99,Completed
503846,10799,2024-10-23,7,1,39.99,0.0,39.99,Completed
502520,10081,2024-10-23,17,3,69.99,0.1,188.97,Completed
504167,10972,2024-10-23,18,2,34.99,0.05,66.48,Completed
503006,10044,2024-10-24,15,2,11.99,0.0,23.98,Completed
500832,10634,2024-10-24,5,1,149.99,0.05,142.49,Completed
501295,10784,2024-10-24,16,2,24.99,0.2,39.98,Completed
500659,10298,2024-10-24,12,1,109.99,0.2,0.0,Returned
500530,10460,2024-10-24,16,2,24.99,0.0,49.98,Completed
504277,10008,2024-10-25,18,1,34.99,0.0,34.99,Completed
503614,10667,2024-10-25,10,4,179.99,0.0,719.96,Completed
503794,10611,2024-10-25,16,1,24.99,0.1,22.49,Completed
502537,10646,2024-10-25,5,2,149.99,0.05,284.98,Completed
504204,10539,2024-10-25,11,1,279.99,0.0,279.99,Completed
502178,10307,2024-10-25,3,2,89.99,0.0,179.98,Completed
503138,10920,2024-10-25,11,1,279.99,0.0,0.0,Cancelled
500002,10915,2024-10-25,3,1,89.99,0.05,85.49,Completed
501418,10896,2024-10-26,21,1,12.99,0.05,12.34,Completed
504067,10295,2024-10-26,26,2,22.99,0.0,45.98,Completed
501560,10115,2024-10-26,21,4,12.99,0.1,46.76,Completed
502354,10918,2024-10-26,9,3,399.99,0.0,1199.97,Completed
504626,10888,2024-10-26,4,2,59.99,0.0,119.98,Completed
501944,10566,2024-10-26,25,3,24.99,0.0,74.97,Completed
501121,10947,2024-10-27,6,1,79.99,0.0,79.99,Completed
501960,10144,2024-10-27,23,1,44.99,0.0,44.99,Completed
503021,10650,2024-10-28,26,1,22.99,0.1,20.69,Completed
503029,10537,2024-10-28,27,4,59.99,0.1,215.96,Completed
503055,10634,2024-10-28,25,2,24.99,0.05,47.48,Completed
503486,10572,2024-10-28,18,4,34.99,0.0,139.96,Completed
502576,10700,2024-10-28,6,3,79.99,0.0,239.97,Completed
502080,10435,2024-10-28,25,1,24.99,0.0,24.99,Completed
501094,10594,2024-10-28,25,1,24.99,0.0,24.99,Completed
500408,10109,2024-10-29,25,1,24.99,0.0,24.99,Completed
503283,10836,2024-10-29,26,4,22.99,0.0,91.96,Completed
503952,10768,2024-10-29,21,1,12.99,0.05,12.34,Completed
500141,10627,2024-10-30,17,4,69.99,0.05,265.96,Completed
502946,10451,2024-10-30,25,3,24.99,0.05,71.22,Completed
501147,10222,2024-10-30,30,1,229.99,0.0,229.99,Completed
502551,10809,2024-10-30,30,5,229.99,0.0,1149.95,Completed
502906,10466,2024-10-31,5,1,149.99,0.0,149.99,Completed
502667,10179,2024-10-31,25,1,24.99,0.0,24.99,Completed
500051,10805,2024-10-31,7,1,39.99,0.0,0.0,Cancelled
500589,10878,2024-10-31,18,2,34.99,0.1,62.98,Completed
503781,10014,2024-11-01,25,1,24.99,0.0,24.99,Completed
504391,10801,2024-11-01,2,1,29.99,0.0,29.99,Completed
500738,10361,2024-11-01,4,3,59.99,0.0,179.97,Completed
501602,10067,2024-11-01,15,3,11.99,0.1,32.37,Completed
504094,10295,2024-11-01,13,1,179.99,0.0,179.99,Completed
500105,10820,2024-11-01,10,1,179.99,0.15,152.99,Completed
500285,10724,2024-11-01,3,2,89.99,0.0,179.98,Completed
501260,10272,2024-11-01,10,1,179.99,0.15,152.99,Completed
501448,10226,2024-11-02,22,2,29.99,0.0,59.98,Completed
501692,10694,2024-11-02,16,3,24.99,0.05,71.22,Completed
504811,10538,2024-11-02,10,1,179.99,0.15,152.99,Completed
501458,10336,2024-11-02,15,1,11.99,0.05,11.39,Completed
501238,10901,2024-11-02,1,1,49.99,0.05,47.49,Completed
502221,10057,2024-11-02,17,1,69.99,0.15,59.49,Completed
503971,10612,2024-11-02,1,1,49.99,0.15,42.49,Completed
504694,10551,2024-11-02,14,1,14.99,0.15,12.74,Completed
500539,10973,2024-11-03,26,1,22.99,0.05,21.84,Completed
503596,10116,2024-11-03,16,1,24.99,0.0,24.99,Completed
503040,10795,2024-11-03,3,1,89.99,0.0,89.99,Completed
501091,10223,2024-11-03,7,1,39.99,0.15,33.99,Completed
501247,10215,2024-11-04,18,2,34.99,0.05,66.48,Completed
500342,10960,2024-11-04,4,1,59.99,0.0,59.99,Completed
502901,10226,2024-11-04,28,3,129.99,0.05,370.47,Completed
504735,10777,2024-11-04,14,2,14.99,0.0,29.98,Completed
501325,10955,2024-11-04,17,2,69.99,0.0,139.98,Completed
504269,10256,2024-11-04,22,1,29.99,0.05,28.49,Completed
501469,10508,2024-11-04,11,1,279.99,0.1,251.99,Completed
504015,10771,2024-11-05,14,2,14.99,0.05,28.48,Completed
501845,10135,2024-11-05,20,5,19.99,0.1,89.96,Completed
502212,10116,2024-11-05,22,1,29.99,0.0,0.0,Returned
500377,10656,2024-11-05,24,1,39.99,0.0,39.99,Completed
503015,10677,2024-11-05,28,2,129.99,0.0,259.98,Completed
500724,10477,2024-11-05,16,2,24.99,0.05,47.48,Completed
503877,10128,2024-11-05,18,2,34.99,0.05,66.48,Completed
501342,10763,2024-11-05,25,1,24.99,0.1,22.49,Completed
501534,10620,2024-11-06,28,1,129.99,0.05,123.49,Completed
504616,10284,2024-11-06,6,1,79.99,0.0,79.99,Completed
503556,10336,2024-11-06,21,1,12.99,0.0,0.0,Cancelled
501766,10879,2024-11-06,13,2,179.99,0.0,359.98,Completed
502356,10066,2024-11-06,13,1,179.99,0.0,179.99,Completed
502058,10028,2024-11-06,22,3,29.99,0.0,89.97,Completed
502673,10812,2024-11-06,13,3,179.99,0.0,539.97,Completed
503300,10687,2024-11-06,8,2,249.99,0.1,449.98,Completed
501427,10440,2024-11-07,25,1,24.99,0.0,24.99,Completed
500642,10888,2024-11-07,16,1,24.99,0.1,0.0,Returned
504734,10465,2024-11-07,30,2,229.99,0.1,413.98,Completed
500404,10785,2024-11-08,27,4,59.99,0.15,0.0,Returned
503994,10276,2024-11-08,1,3,49.99,0.05,142.47,Completed
502320,10665,2024-11-08,22,1,29.99,0.05,28.49,Completed
500063,10525,2024-11-08,4,2,59.99,0.1,107.98,Completed
503333,10652,2024-11-08,27,1,59.99,0.0,59.99,Completed
502382,10437,2024-11-08,2,1,29.99,0.05,28.49,Completed
502881,10282,2024-11-08,14,2,14.99,0.1,26.98,Completed
504234,10817,2024-11-08,4,3,59.99,0.15,152.97,Completed
500960,10697,2024-11-09,20,4,19.99,0.0,79.96,Completed
501801,10663,2024-11-09,17,2,69.99,0.05,0.0,Returned
501963,10112,2024-11-09,25,2,24.99,0.05,47.48,Completed
502135,10307,2024-11-09,12,1,109.99,0.1,98.99,Completed
503220,10245,2024-11-09,19,2,64.99,0.1,116.98,Completed
503499,10279,2024-11-09,12,3,109.99,0.05,313.47,Completed
502188,10372,2024-11-10,22,2,29.99,0.05,56.98,Completed
502750,10719,2024-11-10,21,1,12.99,0.05,12.34,Completed
500303,10033,2024-11-10,26,3,22.99,0.0,68.97,Completed
501666,10062,2024-11-10,11,1,279.99,0.2,223.99,Completed
503261,10067,2024-11-10,9,1,399.99,0.0,399.99,Completed
503752,10771,2024-11-10,22,2,29.99,0.0,59.98,Completed
503485,10935,2024-11-11,23,1,44.99,0.0,44.99,Completed
504458,10271,2024-11-11,10,1,179.99,0.0,179.99,Completed
504940,10528,2024-11-12,17,1,69.99,0.0,69.99,Completed
504010,10444,2024-11-12,27,4,59.99,0.1,215.96,Completed
503743,10978,2024-11-12,12,1,109.99,0.1,98.99,Completed
500031,10486,2024-11-12,23,2,44.99,0.05,85.48,Completed
503726,10993,2024-11-12,1,1,49.99,0.05,47.49,Completed
502611,10033,2024-11-12,16,3,24.99,0.0,74.97,Completed
500681,10469,2024-11-12,4,1,59.99,0.0,59.99,Completed
504215,10978,2024-11-12,16,4,24.99,0.0,99.96,Completed
503717,10829,2024-11-12,10,2,179.99,0.1,323.98,Completed
501791,10946,2024-11-13,21,1,12.99,0.0,12.99,Completed
500795,10602,2024-11-13,21,2,12.99,0.0,25.98,Completed
501030,10027,2024-11-13,23,1,44.99,0.0,44.99,Completed
503205,10245,2024-11-13,16,4,24.99,0.05,94.96,Completed
500572,10436,2024-11-13,21,1,12.99,0.1,11.69,Completed
503242,10673,2024-11-13,3,1,89.99,0.15,76.49,Completed
503440,10978,2024-11-14,4,3,59.99,0.0,179.97,Completed
500305,10253,2024-11-14,18,1,34.99,0.1,31.49,Completed
502312,10889,2024-11-15,5,1,149.99,0.15,127.49,Completed
503745,10518,2024-11-15,23,2,44.99,0.0,89.98,Completed
503281,10226,2024-11-15,6,1,79.99,0.1,71.99,Completed
502770,10307,2024-11-15,26,2,22.99,0.05,43.68,Completed
500091,10040,2024-11-15,22,3,29.99,0.0,89.97,Completed
504091,10619,2024-11-15,14,1,14.99,0.05,14.24,Completed
504844,10733,2024-11-15,23,1,44.99,0.2,35.99,Completed
503672,10766,2024-11-15,21,1,12.99,0.0,12.99,Completed
503470,10861,2024-11-16,26,2,22.99,0.15,39.08,Completed
501718,10716,2024-11-16,25,1,24.99,0.0,24.99,Completed
500880,10535,2024-11-16,12,3,109.99,0.0,329.97,Completed
504026,10080,2024-11-16,6,1,79.99,0.0,79.99,Completed
502878,10894,2024-11-16,17,1,69.99,0.05,66.49,Completed
503566,10949,2024-11-16,22,1,29.99,0.05,28.49,Completed
504148,10177,2024-11-16,2,4,29.99,0.0,119.96,Completed
501156,10616,2024-11-17,18,1,34.99,0.1,31.49,Completed
504553,10858,2024-11-17,15,1,11.99,0.05,11.39,Completed
501658,10552,2024-11-17,1,2,49.99,0.1,89.98,Completed
503018,10644,2024-11-18,22,1,29.99,0.05,28.49,Completed
500319,10864,2024-11-18,3,4,89.99,0.15,305.97,Completed
502553,10127,2024-11-18,3,2,89.99,0.0,179.98,Completed
502620,10431,2024-11-18,10,1,179.99,0.0,179.99,Completed
503277,10727,2024-11-18,29,1,199.99,0.0,199.99,Completed
502501,10845,2024-11-18,19,1,64.99,0.15,55.24,Completed
501641,10998,2024-11-18,4,1,59.99,0.0,59.99,Completed
503512,10418,2024-11-18,15,1,11.99,0.2,9.59,Completed
504302,10639,2024-11-18,14,1,14.99,0.0,14.99,Completed
502963,10925,2024-11-19,6,1,79.99,0.0,79.99,Completed
503361,10164,2024-11-19,7,1,39.99,0.0,39.99,Completed
500032,10910,2024-11-19,3,2,89.99,0.0,179.98,Completed
503544,10432,2024-11-19,4,1,59.99,0.05,56.99,Completed
504149,10373,2024-11-19,24,2,39.99,0.05,75.98,Completed
500577,10621,2024-11-19,25,1,24.99,0.1,22.49,Completed
501852,10355,2024-11-19,1,1,49.99,0.05,47.49,Completed
501842,10807,2024-11-19,9,1,399.99,0.0,399.99,Completed
502661,10749,2024-11-20,23,1,44.99,0.0,44.99,Completed
504698,10195,2024-11-20,27,1,59.99,0.05,56.99,Completed
504347,10773,2024-11-20,2,2,29.99,0.0,59.98,Completed
500751,10701,2024-11-20,3,1,89.99,0.15,76.49,Completed
501831,10895,2024-11-20,1,1,49.99,0.0,49.99,Completed
501568,10787,2024-11-20,2,2,29.99,0.15,50.98,Completed
504417,10467,2024-11-20,1,2,49.99,0.0,99.98,Completed
503787,10282,2024-11-20,9,1,399.99,0.15,339.99,Completed
504879,10447,2024-11-20,11,1,279.99,0.15,237.99,Completed
500568,10803,2024-11-20,4,3,59.99,0.0,179.97,Completed
502219,10992,2024-11-20,28,1,129.99,0.0,129.99,Completed
504802,10326,2024-11-21,27,1,59.99,0.0,59.99,Completed
503806,10518,2024-11-21,21,2,12.99,0.05,24.68,Completed
502703,10914,2024-11-21,25,1,24.99,0.0,24.99,Completed
501917,10441,2024-11-21,9,1,399.99,0.1,0.0,Returned
502865,10084,2024-11-21,17,2,69.99,0.0,139.98,Completed
503363,10455,2024-11-21,17,3,69.99,0.15,178.47,Completed
501806,10361,2024-11-21,19,1,64.99,0.0,64.99,Completed
502136,10016,2024-11-21,25,2,24.99,0.05,47.48,Completed
503356,10905,2024-11-21,25,1,24.99,0.2,19.99,Completed
500899,10287,2024-11-22,23,1,44.99,0.05,42.74,Completed
501790,10968,2024-11-22,21,1,12.99,0.05,12.34,Completed
500270,10540,2024-11-22,13,2,179.99,0.0,359.98,Completed
500637,10556,2024-11-22,30,1,229.99,0.05,218.49,Completed
504726,10484,2024-11-22,26,1,22.99,0.0,22.99,Completed
504349,10784,2024-11-22,11,2,279.99,0.1,503.98,Completed
503307,10308,2024-11-22,5,2,149.99,0.0,299.98,Completed
500906,10836,2024-11-22,5,1,149.99,0.0,149.99,Completed
500775,10362,2024-11-22,7,2,39.99,0.0,79.98,Completed
502417,10355,2024-11-23,19,5,64.99,0.1,292.46,Completed
504442,10255,2024-11-23,22,1,29.99,0.0,29.99,Completed
502909,10802,2024-11-23,25,1,24.99,0.0,24.99,Completed
504141,10096,2024-11-23,15,4,11.99,0.15,40.77,Completed
500632,10846,2024-11-23,23,1,44.99,0.0,44.99,Completed
500024,10767,2024-11-23,22,1,29.99,0.0,29.99,Completed
503636,10384,2024-11-23,25,1,24.99,0.0,24.99,Completed
500491,10578,2024-11-24,23,2,44.99,0.0,89.98,Completed
504043,10503,2024-11-24,15,2,11.99,0.0,23.98,Completed
502504,10018,2024-11-24,6,2,79.99,0.0,159.98,Completed
502410,10986,2024-11-24,27,1,59.99,0.0,59.99,Completed
503310,10189,2024-11-24,23,1,44.99,0.1,40.49,Completed
501376,10767,2024-11-24,15,2,11.99,0.0,23.98,Completed
501667,10729,2024-11-24,18,4,34.99,0.0,139.96,Completed
504369,10322,2024-11-24,15,4,11.99,0.15,0.0,Returned
504300,10153,2024-11-25,16,1,24.99,0.05,23.74,Completed
500238,10882,2024-11-25,24,2,39.99,0.0,79.98,Completed
500515,10452,2024-11-25,26,2,22.99,0.05,43.68,Completed
500099,10758,2024-11-25,19,1,64.99,0.0,64.99,Completed
503856,10536,2024-11-25,3,1,89.99,0.05,85.49,Completed
501381,10478,2024-11-25,24,2,39.99,0.0,79.98,Completed
503785,10131,2024-11-25,24,2,39.99,0.0,79.98,Completed
502371,10945,2024-11-25,25,1,24.99,0.1,22.49,Completed
501235,10955,2024-11-25,30,1,229.99,0.0,229.99,Completed
503459,10872,2024-11-25,18,2,34.99,0.0,0.0,Returned
502665,10926,2024-11-25,29,3,199.99,0.0,599.97,Completed
503868,10215,2024-11-26,28,2,129.99,0.15,220.98,Completed
504526,10544,2024-11-26,19,1,64.99,0.0,64.99,Completed
500616,10470,2024-11-26,18,4,34.99,0.1,125.96,Completed
503234,10225,2024-11-26,25,1,24.99,0.0,24.99,Completed
500440,10529,2024-11-26,5,1,149.99,0.1,134.99,Completed
502158,10513,2024-11-26,23,3,44.99,0.0,0.0,Cancelled
503974,10869,2024-11-27,25,1,24.99,0.1,22.49,Completed
501816,10610,2024-11-27,19,2,64.99,0.0,129.98,Completed
503185,10920,2024-11-27,12,2,109.99,0.1,197.98,Completed
502645,10367,2024-11-27,4,1,59.99,0.05,56.99,Completed
502626,10169,2024-11-27,3,4,89.99,0.0,359.96,Completed
504209,10101,2024-11-27,22,1,29.99,0.1,26.99,Completed
503730,10081,2024-11-28,2,3,29.99,0.05,85.47,Completed
504690,10436,2024-11-28,12,1,109.99,0.1,98.99,Completed
504979,10262,2024-11-28,5,4,149.99,0.0,599.96,Completed
503129,10766,2024-11-28,20,2,19.99,0.15,33.98,Completed
502206,10358,2024-11-28,18,3,34.99,0.0,104.97,Completed
502519,10094,2024-11-28,13,1,179.99,0.0,179.99,Completed
500269,10145,2024-11-28,30,3,229.99,0.0,689.97,Completed
501549,10758,2024-11-28,11,3,279.99,0.1,755.97,Completed
503103,10572,2024-11-28,19,1,64.99,0.0,64.99,Completed
503379,10009,2024-11-28,1,1,49.99,0.0,49.99,Completed
500264,10115,2024-11-28,17,1,69.99,0.0,69.99,Completed
504686,10562,2024-11-29,14,2,14.99,0.05,0.0,Cancelled
501116,10328,2024-11-29,15,4,11.99,0.05,45.56,Completed
503229,10509,2024-11-29,7,1,39.99,0.0,39.99,Completed
501113,10683,2024-11-29,2,2,29.99,0.0,59.98,Completed
500713,10623,2024-11-29,14,1,14.99,0.05,14.24,Completed
503965,10400,2024-11-29,20,1,19.99,0.1,17.99,Completed
500069,10239,2024-11-29,12,1,109.99,0.05,104.49,Completed
502550,10969,2024-11-29,27,1,59.99,0.05,56.99,Completed
500268,10630,2024-11-29,22,1,29.99,0.0,29.99,Completed
500947,10602,2024-11-29,16,1,24.99,0.1,22.49,Completed
504328,10191,2024-11-29,21,2,12.99,0.05,24.68,Completed
502957,10040,2024-11-30,6,1,79.99,0.0,79.99,Completed
501924,10930,2024-11-30,6,2,79.99,0.0,159.98,Completed
504189,10028,2024-11-30,28,1,129.99,0.0,129.99,Completed
501706,10199,2024-11-30,2,2,29.99,0.0,59.98,Completed
500691,10299,2024-11-30,28,1,129.99,0.0,129.99,Completed
502301,10972,2024-11-30,1,5,49.99,0.0,249.95,Completed
501415,10530,2024-12-01,20,1,19.99,0.05,18.99,Completed
503564,10308,2024-12-01,23,2,44.99,0.05,85.48,Completed
501110,10780,2024-12-01,22,4,29.99,0.0,119.96,Completed
502958,10173,2024-12-01,15,2,11.99,0.0,23.98,Completed
501887,10505,2024-12-01,2,1,29.99,0.0,29.99,Completed
501483,10362,2024-12-01,15,1,11.99,0.05,11.39,Completed
502250,10929,2024-12-01,16,4,24.99,0.0,99.96,Completed
504536,10525,2024-12-01,21,1,12.99,0.1,11.69,Completed
504537,10551,2024-12-01,2,1,29.99,0.1,26.99,Completed
504571,10995,2024-12-02,5,2,149.99,0.1,269.98,Completed
501145,10552,2024-12-02,25,1,24.99,0.0,24.99,Completed
502278,10100,2024-12-02,19,1,64.99,0.1,0.0,Returned
503156,10761,2024-12-02,10,2,179.99,0.1,323.98,Completed
503631,10252,2024-12-02,9,1,399.99,0.05,379.99,Completed
504396,10735,2024-12-02,10,1,179.99,0.0,179.99,Completed
501032,10662,2024-12-02,20,2,19.99,0.05,37.98,Completed
502765,10800,2024-12-03,10,1,179.99,0.1,161.99,Completed
504622,10762,2024-12-03,17,1,69.99,0.0,69.99,Completed
504882,10080,2024-12-03,4,1,59.99,0.1,53.99,Completed
501076,10703,2024-12-03,16,2,24.99,0.05,47.48,Completed
501057,10286,2024-12-03,3,2,89.99,0.0,179.98,Completed
504020,10030,2024-12-03,21,1,12.99,0.1,11.69,Completed
502003,10976,2024-12-03,1,3,49.99,0.0,149.97,Completed
504323,10949,2024-12-04,23,1,44.99,0.0,44.99,Completed
500242,10673,2024-12-04,18,1,34.99,0.0,34.99,Completed
504331,10483,2024-12-04,3,1,89.99,0.1,80.99,Completed
501160,10723,2024-12-04,25,1,24.99,0.05,23.74,Completed
502970,10915,2024-12-04,11,1,279.99,0.0,279.99,Completed
501354,10922,2024-12-04,3,2,89.99,0.0,179.98,Completed
504872,10096,2024-12-04,21,1,12.99,0.0,12.99,Completed
503604,10481,2024-12-05,29,1,199.99,0.1,179.99,Completed
500415,10386,2024-12-05,2,2,29.99,0.0,59.98,Completed
503414,10414,2024-12-05,22,1,29.99,0.05,28.49,Completed
500256,10633,2024-12-05,14,1,14.99,0.0,14.99,Completed
500917,10206,2024-12-05,5,1,149.99,0.05,142.49,Completed
503380,10988,2024-12-05,24,1,39.99,0.0,39.99,Completed
500732,10579,2024-12-05,11,1,279.99,0.15,0.0,Returned
504513,10515,2024-12-06,26,2,22.99,0.05,43.68,Completed
503452,10262,2024-12-06,15,3,11.99,0.05,34.17,Completed
502608,10600,2024-12-06,20,2,19.99,0.0,39.98,Completed
501039,10719,2024-12-06,1,1,49.99,0.0,49.99,Completed
504835,10869,2024-12-07,24,1,39.99,0.0,39.99,Completed
500765,10086,2024-12-07,15,1,11.99,0.1,10.79,Completed
504357,10677,2024-12-07,18,1,34.99,0.05,33.24,Completed
502094,10996,2024-12-07,20,4,19.99,0.15,67.97,Completed
504951,10522,2024-12-07,24,1,39.99,0.1,35.99,Completed
500376,10529,2024-12-08,13,1,179.99,0.05,170.99,Completed
503719,10880,2024-12-08,14,3,14.99,0.05,42.72,Completed
500428,10505,2024-12-08,15,1,11.99,0.0,0.0,Cancelled
501326,10950,2024-12-08,13,3,179.99,0.0,539.97,Completed
500396,10701,2024-12-08,5,2,149.99,0.0,299.98,Completed
501305,10335,2024-12-08,7,1,39.99,0.0,39.99,Completed
504001,10287,2024-12-08,26,1,22.99,0.0,22.99,Completed
502597,10140,2024-12-08,18,1,34.99,0.0,34.99,Completed
501020,10599,2024-12-09,3,2,89.99,0.0,179.98,Completed
503321,10046,2024-12-09,15,2,11.99,0.05,22.78,Completed
502867,10329,2024-12-09,17,1,69.99,0.0,69.99,Completed
502710,10229,2024-12-09,16,1,24.99,0.0,24.99,Completed
500453,10137,2024-12-09,2,1,29.99,0.0,29.99,Completed
504830,10836,2024-12-09,14,3,14.99,0.0,44.97,Completed
503417,10782,2024-12-09,19,1,64.99,0.0,64.99,Completed
501700,10126,2024-12-09,11,1,279.99,0.15,237.99,Completed
503824,10451,2024-12-10,20,1,19.99,0.05,0.0,Returned
500287,10245,2024-12-10,27,1,59.99,0.1,53.99,Completed
504904,10532,2024-12-10,2,1,29.99,0.1,0.0,Cancelled
503107,10589,2024-12-10,30,1,229.99,0.1,206.99,Completed
500476,10547,2024-12-10,14,1,14.99,0.05,14.24,Completed
500463,10256,2024-12-10,22,1,29.99,0.05,28.49,Completed
504895,10124,2024-12-10,25,1,24.99,0.0,24.99,Completed
504123,10497,2024-12-10,18,1,34.99,0.0,34.99,Completed
504152,10677,2024-12-11,8,1,249.99,0.05,237.49,Completed
504121,10710,2024-12-11,22,3,29.99,0.05,85.47,Completed
502041,10794,2024-12-11,21,1,12.99,0.1,11.69,Completed
500416,10299,2024-12-12,24,1,39.99,0.0,39.99,Completed
500418,10482,2024-12-12,21,1,12.99,0.0,12.99,Completed
500723,10546,2024-12-12,21,4,12.99,0.0,51.96,Completed
502586,10619,2024-12-12,2,3,29.99,0.05,85.47,Completed
500056,10212,2024-12-13,2,1,29.99,0.2,23.99,Completed
503034,10045,2024-12-13,4,1,59.99,0.1,53.99,Completed
500243,10947,2024-12-13,15,4,11.99,0.05,45.56,Completed
501862,10176,2024-12-13,22,4,29.99,0.05,113.96,Completed
500071,10164,2024-12-13,20,2,19.99,0.15,0.0,Cancelled
500714,10387,2024-12-14,16,1,24.99,0.0,24.99,Completed
504035,10851,2024-12-14,30,4,229.99,0.0,919.96,Completed
501981,10081,2024-12-14,21,1,12.99,0.0,12.99,Completed
502984,10011,2024-12-14,26,2,22.99,0.0,45.98,Completed
503690,10439,2024-12-14,25,1,24.99,0.1,0.0,Returned
500251,10457,2024-12-14,19,3,64.99,0.0,194.97,Completed
504298,10886,2024-12-14,30,1,229.99,0.0,229.99,Completed
504807,10697,2024-12-15,12,1,109.99,0.0,109.99,Completed
503773,10766,2024-12-15,29,2,199.99,0.05,0.0,Returned
501954,10163,2024-12-15,5,2,149.99,0.05,284.98,Completed
504175,10071,2024-12-16,30,1,229.99,0.0,229.99,Completed
504239,10083,2024-12-16,4,1,59.99,0.1,53.99,Completed
501978,10944,2024-12-16,21,2,12.99,0.0,25.98,Completed
502535,10550,2024-12-16,8,2,249.99,0.0,499.98,Completed
501774,10498,2024-12-16,12,3,109.99,0.0,329.97,Completed
501294,10949,2024-12-17,6,2,79.99,0.1,143.98,Completed
503946,10965,2024-12-17,1,1,49.99,0.05,47.49,Completed
500704,10697,2024-12-17,27,1,59.99,0.05,0.0,Cancelled
501029,10170,2024-12-17,23,1,44.99,0.05,42.74,Completed
500397,10083,2024-12-17,14,4,14.99,0.15,50.97,Completed
502366,10760,2024-12-17,20,2,19.99,0.05,37.98,Completed
504100,10668,2024-12-17,5,1,149.99,0.1,134.99,Completed
504991,10178,2024-12-18,2,1,29.99,0.15,25.49,Completed
501422,10237,2024-12-18,5,2,149.99,0.0,299.98,Completed
504246,10952,2024-12-18,2,5,29.99,0.1,134.95,Completed
501884,10705,2024-12-18,21,2,12.99,0.0,25.98,Completed
503323,10683,2024-12-18,23,2,44.99,0.15,76.48,Completed
503421,10749,2024-12-18,5,3,149.99,0.1,404.97,Completed
503102,10068,2024-12-19,23,1,44.99,0.1,40.49,Completed
503797,10515,2024-12-19,4,1,59.99,0.05,56.99,Completed
502393,10973,2024-12-19,7,2,39.99,0.05,75.98,Completed
503725,10342,2024-12-19,26,1,22.99,0.0,0.0,Returned
502907,10538,2024-12-19,2,1,29.99,0.0,0.0,Returned
504098,10986,2024-12-20,18,4,34.99,0.0,139.96,Completed
504138,10868,2024-12-20,4,4,59.99,0.0,239.96,Completed
500447,10384,2024-12-20,20,3,19.99,0.05,56.97,Completed
501858,10645,2024-12-20,7,4,39.99,0.05,151.96,Completed
501089,10662,2024-12-20,5,1,149.99,0.1,134.99,Completed
500133,10057,2024-12-20,7,2,39.99,0.15,67.98,Completed
501391,10442,2024-12-20,20,1,19.99,0.0,19.99,Completed
501167,10672,2024-12-21,26,1,22.99,0.0,22.99,Completed
503606,10525,2024-12-21,4,2,59.99,0.05,113.98,Completed
503462,10629,2024-12-21,26,2,22.99,0.0,45.98,Completed
504292,10662,2024-12-21,7,1,39.99,0.05,37.99,Completed
504076,10585,2024-12-21,20,1,19.99,0.15,16.99,Completed
502528,10650,2024-12-21,25,2,24.99,0.05,47.48,Completed
503762,10377,2024-12-21,3,3,89.99,0.05,256.47,Completed
502564,10228,2024-12-21,12,2,109.99,0.0,219.98,Completed
502229,10972,2024-12-21,29,1,199.99,0.1,179.99,Completed
504380,10043,2024-12-21,22,3,29.99,0.0,89.97,Completed
504436,10202,2024-12-22,3,2,89.99,0.0,179.98,Completed
501808,10167,2024-12-22,3,2,89.99,0.2,143.98,Completed
500173,10895,2024-12-22,8,2,249.99,0.0,499.98,Completed
502227,10110,2024-12-22,23,3,44.99,0.0,134.97,Completed
501420,10309,2024-12-22,14,1,14.99,0.15,12.74,Completed
501184,10908,2024-12-22,30,1,229.99,0.05,218.49,Completed
503272,10567,2024-12-22,14,2,14.99,0.1,26.98,Completed
500727,10876,2024-12-22,2,1,29.99,0.1,26.99,Completed
503124,10116,2024-12-22,2,3,29.99,0.1,80.97,Completed
501576,10535,2024-12-23,6,3,79.99,0.05,227.97,Completed
501780,10184,2024-12-23,17,2,69.99,0.1,125.98,Completed
500081,10630,2024-12-23,2,1,29.99,0.15,25.49,Completed
501949,10755,2024-12-23,16,2,24.99,0.0,49.98,Completed
502065,10301,2024-12-23,23,2,44.99,0.0,89.98,Completed
502690,10163,2024-12-24,4,1,59.99,0.05,56.99,Completed
503810,10422,2024-12-24,26,1,22.99,0.1,20.69,Completed
504325,10046,2024-12-24,20,1,19.99,0.0,19.99,Completed
503359,10767,2024-12-24,20,1,19.99,0.2,15.99,Completed
503331,10271,2024-12-24,26,2,22.99,0.05,43.68,Completed
504230,10100,2024-12-24,24,2,39.99,0.0,79.98,Completed
500030,10808,2024-12-24,26,1,22.99,0.05,21.84,Completed
503073,10111,2024-12-25,13,3,179.99,0.0,539.97,Completed
504019,10140,2024-12-26,1,4,49.99,0.05,189.96,Completed
500576,10565,2024-12-26,4,1,59.99,0.0,59.99,Completed
500702,10530,2024-12-26,23,4,44.99,0.0,179.96,Completed
502285,10286,2024-12-27,2,1,29.99,0.15,25.49,Completed
503164,10528,2024-12-27,10,1,179.99,0.0,179.99,Completed
501387,10604,2024-12-27,6,2,79.99,0.1,0.0,Returned
504146,10329,2024-12-27,1,3,49.99,0.0,149.97,Completed
502560,10803,2024-12-27,16,2,24.99,0.15,42.48,Completed
502882,10044,2024-12-28,26,4,22.99,0.0,91.96,Completed
503357,10972,2024-12-28,19,2,64.99,0.15,110.48,Completed
503644,10499,2024-12-28,4,2,59.99,0.05,113.98,Completed
500828,10944,2024-12-28,5,1,149.99,0.2,119.99,Completed
503134,10252,2024-12-28,12,2,109.99,0.05,208.98,Completed
503460,10698,2024-12-28,14,1,14.99,0.0,14.99,Completed
500199,10095,2024-12-29,14,4,14.99,0.05,56.96,Completed
502790,10299,2024-12-29,26,1,22.99,0.0,22.99,Completed
504079,10900,2024-12-29,20,1,19.99,0.05,18.99,Completed
502927,10228,2024-12-29,18,1,34.99,0.0,34.99,Completed
504565,10377,2024-12-29,22,2,29.99,0.1,53.98,Completed
501215,10530,2024-12-29,18,1,34.99,0.1,31.49,Completed
502092,10278,2024-12-30,15,1,11.99,0.2,9.59,Completed
504245,10223,2024-12-30,26,1,22.99,0.0,22.99,Completed
504355,10827,2024-12-30,17,2,69.99,0.0,139.98,Completed
504078,10693,2024-12-30,3,1,89.99,0.0,89.99,Completed
501559,10809,2024-12-30,16,1,24.99,0.0,24.99,Completed
501715,10711,2024-12-30,27,1,59.99,0.05,56.99,Completed
504235,10920,2024-12-30,13,2,179.99,0.15,305.98,Completed
501434,10986,2024-12-30,2,2,29.99,0.1,53.98,Completed
500053,10322,2024-12-31,1,2,49.99,0.0,99.98,Completed
501022,10929,2024-12-31,2,5,29.99,0.0,149.95,Completed
500523,10770,2024-12-31,22,1,29.99,0.05,28.49,Completed
504463,10438,2024-12-31,30,1,229.99,0.05,218.49,Completed
501384,10841,2024-12-31,26,1,22.99,0.05,21.84,Completed
502941,10032,2024-12-31,1,4,49.99,0.0,199.96,Completed
502432,10018,2025-01-01,17,1,69.99,0.1,62.99,Completed
502933,10306,2025-01-01,13,1,179.99,0.0,179.99,Completed
500330,10602,2025-01-01,1,1,49.99,0.05,47.49,Completed
501520,10832,2025-01-01,1,2,49.99,0.1,89.98,Completed
501866,10255,2025-01-01,29,2,199.99,0.0,399.98,Completed
502983,10388,2025-01-01,22,1,29.99,0.05,28.49,Completed
500062,10662,2025-01-01,14,1,14.99,0.1,13.49,Completed
500571,10634,2025-01-01,19,3,64.99,0.1,175.47,Completed
501509,10694,2025-01-01,29,2,199.99,0.0,399.98,Completed
500292,10957,2025-01-02,5,1,149.99,0.1,134.99,Completed
500679,10390,2025-01-02,16,2,24.99,0.1,44.98,Completed
503943,10040,2025-01-02,6,1,79.99,0.15,67.99,Completed
501490,10045,2025-01-02,26,1,22.99,0.0,22.99,Completed
501035,10367,2025-01-02,23,2,44.99,0.0,89.98,Completed
501650,10359,2025-01-02,19,1,64.99,0.0,64.99,Completed
502148,10573,2025-01-02,25,1,24.99,0.0,24.99,Completed
504894,10416,2025-01-02,3,2,89.99,0.05,170.98,Completed
501435,10104,2025-01-02,30,1,229.99,0.05,218.49,Completed
501529,10956,2025-01-03,3,2,89.99,0.0,179.98,Completed
500843,10530,2025-01-03,9,4,399.99,0.0,1599.96,Completed
503441,10189,2025-01-03,24,1,39.99,0.0,39.99,Completed
502456,10226,2025-01-03,13,1,179.99,0.0,0.0,Cancelled
503740,10016,2025-01-03,1,1,49.99,0.1,44.99,Completed
500284,10269,2025-01-03,20,2,19.99,0.1,35.98,Completed
500020,10926,2025-01-03,17,1,69.99,0.15,59.49,Completed
501925,10828,2025-01-03,4,1,59.99,0.0,59.99,Completed
503058,10841,2025-01-03,2,2,29.99,0.0,0.0,Returned
500332,10112,2025-01-04,20,1,19.99,0.05,18.99,Completed
502075,10191,2025-01-05,27,2,59.99,0.05,113.98,Completed
503139,10143,2025-01-05,23,1,44.99,0.0,44.99,Completed
503587,10689,2025-01-05,5,2,149.99,0.1,269.98,Completed
502624,10365,2025-01-05,29,2,199.99,0.0,399.98,Completed
502837,10633,2025-01-05,21,1,12.99,0.05,12.34,Completed
501652,10245,2025-01-05,30,2,229.99,0.15,390.98,Completed
502866,10361,2025-01-05,11,2,279.99,0.0,559.98,Completed
503625,10624,2025-01-05,16,2,24.99,0.0,49.98,Completed
501989,10978,2025-01-06,22,2,29.99,0.05,56.98,Completed
501621,10820,2025-01-06,10,2,179.99,0.05,341.98,Completed
503524,10230,2025-01-06,12,3,109.99,0.0,329.97,Completed
502505,10611,2025-01-06,18,1,34.99,0.15,29.74,Completed
502226,10036,2025-01-06,1,2,49.99,0.2,79.98,Completed
502829,10536,2025-01-06,25,2,24.99,0.1,44.98,Completed
500672,10958,2025-01-06,17,3,69.99,0.15,178.47,Completed
501653,10912,2025-01-07,22,2,29.99,0.1,0.0,Cancelled
504958,10700,2025-01-07,3,1,89.99,0.0,89.99,Completed
502104,10350,2025-01-07,16,2,24.99,0.0,49.98,Completed
504145,10501,2025-01-07,23,1,44.99,0.0,44.99,Completed
501936,10683,2025-01-07,5,3,149.99,0.05,427.47,Completed
501678,10907,2025-01-07,21,1,12.99,0.0,12.99,Completed
501174,10133,2025-01-07,30,3,229.99,0.0,0.0,Cancelled
500345,10401,2025-01-08,1,2,49.99,0.1,0.0,Returned
504485,10496,2025-01-08,1,1,49.99,0.0,49.99,Completed
502329,10201,2025-01-08,4,2,59.99,0.05,0.0,Returned
503041,10300,2025-01-08,26,1,22.99,0.0,22.99,Completed
501935,10849,2025-01-08,16,1,24.99,0.1,22.49,Completed
501957,10922,2025-01-09,26,1,22.99,0.15,19.54,Completed
501275,10012,2025-01-09,12,1,109.99,0.05,104.49,Completed
504186,10484,2025-01-09,28,1,129.99,0.0,0.0,Returned
503105,10025,2025-01-09,6,1,79.99,0.0,79.99,Completed
504544,10476,2025-01-09,12,3,109.99,0.15,280.47,Completed
500560,10436,2025-01-09,28,3,129.99,0.0,389.97,Completed
504289,10249,2025-01-10,19,1,64.99,0.0,64.99,Completed
503595,10748,2025-01-10,19,3,64.99,0.0,194.97,Completed
500027,10002,2025-01-10,15,1,11.99,0.0,11.99,Completed
503176,10996,2025-01-10,23,1,44.99,0.05,42.74,Completed
503536,10194,2025-01-10,4,1,59.99,0.05,56.99,Completed
501822,10894,2025-01-10,25,1,24.99,0.15,21.24,Completed
504034,10237,2025-01-10,16,1,24.99,0.1,22.49,Completed
501059,10819,2025-01-10,2,1,29.99,0.15,25.49,Completed
503009,10266,2025-01-10,21,1,12.99,0.15,11.04,Completed
500532,10600,2025-01-10,3,1,89.99,0.15,76.49,Completed
502598,10160,2025-01-11,28,2,129.99,0.0,259.98,Completed
503436,10021,2025-01-11,7,2,39.99,0.0,79.98,Completed
501451,10228,2025-01-11,18,1,34.99,0.05,33.24,Completed
504910,10131,2025-01-11,9,2,399.99,0.0,799.98,Completed
500127,10538,2025-01-11,23,1,44.99,0.15,0.0,Returned
501277,10137,2025-01-12,26,1,22.99,0.0,22.99,Completed
501609,10443,2025-01-12,10,3,179.99,0.0,539.97,Completed
500201,10725,2025-01-12,27,3,59.99,0.15,152.97,Completed
501192,10667,2025-01-12,16,2,24.99,0.0,49.98,Completed
503851,10328,2025-01-12,12,3,109.99,0.05,0.0,Returned
504562,10489,2025-01-13,22,1,29.99,0.05,28.49,Completed
503791,10010,2025-01-13,29,1,199.99,0.0,199.99,Completed
502979,10045,2025-01-13,24,1,39.99,0.0,39.99,Completed
501725,10167,2025-01-13,17,5,69.99,0.1,0.0,Returned
500645,10143,2025-01-13,24,3,39.99,0.1,107.97,Completed
502892,10996,2025-01-13,19,2,64.99,0.05,123.48,Completed
502569,10718,2025-01-13,20,4,19.99,0.1,71.96,Completed
503267,10431,2025-01-13,29,1,199.99,0.0,199.99,Completed
502561,10920,2025-01-13,14,2,14.99,0.1,26.98,Completed
503227,10176,2025-01-13,18,1,34.99,0.05,33.24,Completed
503722,10663,2025-01-14,20,1,19.99,0.05,18.99,Completed
501781,10387,2025-01-14,21,1,12.99,0.1,11.69,Completed
504354,10929,2025-01-14,21,4,12.99,0.0,51.96,Completed
501148,10514,2025-01-14,15,3,11.99,0.0,35.97,Completed
502884,10871,2025-01-14,16,1,24.99,0.0,24.99,Completed
504159,10269,2025-01-14,17,1,69.99,0.0,69.99,Completed
502937,10899,2025-01-14,27,1,59.99,0.0,0.0,Returned
501516,10913,2025-01-14,20,1,19.99,0.0,19.99,Completed
503637,10419,2025-01-15,23,1,44.99,0.1,40.49,Completed
503919,10869,2025-01-15,15,1,11.99,0.0,11.99,Completed
500490,10127,2025-01-15,10,1,179.99,0.0,179.99,Completed
500043,10242,2025-01-15,8,2,249.99,0.0,499.98,Completed
503165,10855,2025-01-15,4,2,59.99,0.0,119.98,Completed
504827,10988,2025-01-15,2,1,29.99,0.0,29.99,Completed
502406,10485,2025-01-15,4,2,59.99,0.05,113.98,Completed
500104,10073,2025-01-15,6,2,79.99,0.05,151.98,Completed
504211,10709,2025-01-15,6,1,79.99,0.0,79.99,Completed
503151,10459,2025-01-16,27,1,59.99,0.0,59.99,Completed
504494,10419,2025-01-16,21,1,12.99,0.05,12.34,Completed
503859,10955,2025-01-16,3,2,89.99,0.05,170.98,Completed
501507,10840,2025-01-16,21,3,12.99,0.15,0.0,Returned
503938,10654,2025-01-16,14,2,14.99,0.0,29.98,Completed
503550,10148,2025-01-16,5,1,149.99,0.0,149.99,Completed
501290,10114,2025-01-16,20,2,19.99,0.0,39.98,Completed
504258,10798,2025-01-16,2,1,29.99,0.05,28.49,Completed
503159,10498,2025-01-16,12,1,109.99,0.0,109.99,Completed
500665,10312,2025-01-17,23,1,44.99,0.0,44.99,Completed
502373,10880,2025-01-17,23,1,44.99,0.15,38.24,Completed
500211,10354,2025-01-17,20,1,19.99,0.0,19.99,Completed
504523,10298,2025-01-17,6,2,79.99,0.0,159.98,Completed
504437,10119,2025-01-17,1,1,49.99,0.15,42.49,Completed
500160,10683,2025-01-17,4,4,59.99,0.1,215.96,Completed
502716,10245,2025-01-17,21,2,12.99,0.0,25.98,Completed
500618,10753,2025-01-17,25,3,24.99,0.0,74.97,Completed
504757,10019,2025-01-17,17,1,69.99,0.1,62.99,Completed
504590,10414,2025-01-18,2,2,29.99,0.05,56.98,Completed
504150,10779,2025-01-18,22,1,29.99,0.0,29.99,Completed
501633,10181,2025-01-18,28,1,129.99,0.15,110.49,Completed
500845,10972,2025-01-18,3,1,89.99,0.0,89.99,Completed
503437,10116,2025-01-18,20,3,19.99,0.0,59.97,Completed
504792,10528,2025-01-18,26,1,22.99,0.1,20.69,Completed
502243,10103,2025-01-18,14,1,14.99,0.05,14.24,Completed
500574,10865,2025-01-18,4,1,59.99,0.15,50.99,Completed
502655,10756,2025-01-18,18,1,34.99,0.0,34.99,Completed
503074,10914,2025-01-19,18,1,34.99,0.0,34.99,Completed
504408,10565,2025-01-19,14,2,14.99,0.0,29.98,Completed
503588,10240,2025-01-19,27,2,59.99,0.05,113.98,Completed
504118,10690,2025-01-20,26,2,22.99,0.0,45.98,Completed
502346,10831,2025-01-20,22,2,29.99,0.05,56.98,Completed
500725,10602,2025-01-20,23,5,44.99,0.05,213.7,Completed
503507,10295,2025-01-20,6,1,79.99,0.0,79.99,Completed
502615,10228,2025-01-20,15,1,11.99,0.1,10.79,Completed
500241,10685,2025-01-21,25,3,24.99,0.0,0.0,Cancelled
501191,10713,2025-01-21,3,2,89.99,0.0,179.98,Completed
502037,10462,2025-01-21,27,4,59.99,0.0,239.96,Completed
504663,10116,2025-01-21,27,1,59.99,0.05,56.99,Completed
503764,10271,2025-01-21,26,1,22.99,0.0,22.99,Completed
504876,10554,2025-01-21,9,2,399.99,0.0,799.98,Completed
504809,10804,2025-01-21,21,1,12.99,0.0,12.99,Completed
503418,10860,2025-01-21,15,1,11.99,0.0,11.99,Completed
504713,10680,2025-01-21,15,1,11.99,0.0,11.99,Completed
501199,10467,2025-01-21,24,3,39.99,0.1,107.97,Completed
503577,10255,2025-01-21,1,1,49.99,0.05,47.49,Completed
501636,10953,2025-01-21,18,1,34.99,0.1,31.49,Completed
500699,10253,2025-01-21,22,1,29.99,0.1,26.99,Completed
502632,10298,2025-01-21,18,1,34.99,0.0,34.99,Completed
500646,10006,2025-01-21,17,3,69.99,0.0,209.97,Completed
504773,10677,2025-01-21,2,1,29.99,0.0,29.99,Completed
500501,10683,2025-01-22,30,2,229.99,0.0,459.98,Completed
502795,10105,2025-01-22,4,2,59.99,0.1,107.98,Completed
501684,10153,2025-01-22,22,2,29.99,0.0,59.98,Completed
502271,10436,2025-01-22,24,3,39.99,0.1,107.97,Completed
504658,10432,2025-01-22,1,2,49.99,0.1,89.98,Completed
502277,10614,2025-01-23,24,2,39.99,0.05,75.98,Completed
502606,10383,2025-01-23,20,2,19.99,0.0,39.98,Completed
503135,10064,2025-01-23,15,3,11.99,0.0,0.0,Returned
501749,10024,2025-01-23,18,1,34.99,0.05,33.24,Completed
502117,10620,2025-01-23,21,1,12.99,0.05,12.34,Completed
502038,10129,2025-01-23,22,1,29.99,0.0,29.99,Completed
504107,10119,2025-01-23,15,1,11.99,0.0,11.99,Completed
500668,10798,2025-01-23,7,3,39.99,0.0,119.97,Completed
502297,10193,2025-01-24,19,1,64.99,0.05,61.74,Completed
500749,10614,2025-01-24,8,1,249.99,0.0,249.99,Completed
504259,10594,2025-01-24,14,1,14.99,0.05,14.24,Completed
500164,10649,2025-01-24,1,1,49.99,0.0,49.99,Completed
503471,10171,2025-01-24,5,3,149.99,0.0,449.97,Completed
501278,10669,2025-01-24,16,1,24.99,0.05,23.74,Completed
504591,10844,2025-01-25,3,1,89.99,0.05,85.49,Completed
500102,10897,2025-01-25,16,4,24.99,0.15,84.97,Completed
500897,10524,2025-01-25,18,2,34.99,0.05,0.0,Cancelled
500930,10179,2025-01-25,28,4,129.99,0.1,467.96,Completed
502274,10268,2025-01-25,18,1,34.99,0.0,34.99,Completed
501581,10836,2025-01-26,22,3,29.99,0.0,89.97,Completed
501236,10028,2025-01-26,22,1,29.99,0.2,23.99,Completed
500722,10241,2025-01-26,27,2,59.99,0.0,119.98,Completed
503208,10116,2025-01-26,23,1,44.99,0.0,44.99,Completed
503152,10406,2025-01-26,6,2,79.99,0.15,135.98,Completed
503056,10817,2025-01-26,19,1,64.99,0.0,64.99,Completed
502555,10365,2025-01-27,23,1,44.99,0.0,44.99,Completed
502358,10546,2025-01-27,29,3,199.99,0.1,539.97,Completed
503666,10596,2025-01-27,22,1,29.99,0.05,28.49,Completed
503598,10020,2025-01-27,14,1,14.99,0.0,14.99,Completed
501741,10116,2025-01-27,27,1,59.99,0.0,59.99,Completed
504062,10973,2025-01-27,7,1,39.99,0.1,0.0,Returned
504915,10947,2025-01-27,8,3,249.99,0.0,749.97,Completed
502581,10505,2025-01-27,20,5,19.99,0.0,99.95,Completed
504210,10106,2025-01-27,13,1,179.99,0.0,179.99,Completed
503255,10339,2025-01-28,21,1,12.99,0.0,12.99,Completed
503212,10829,2025-01-28,22,1,29.99,0.0,29.99,Completed
501574,10881,2025-01-28,20,2,19.99,0.0,39.98,Completed
502483,10662,2025-01-28,3,3,89.99,0.0,269.97,Completed
502181,10793,2025-01-28,22,1,29.99,0.0,29.99,Completed
503663,10533,2025-01-28,3,1,89.99,0.05,85.49,Completed
502088,10451,2025-01-28,22,2,29.99,0.1,53.98,Completed
502969,10028,2025-01-28,2,3,29.99,0.1,80.97,Completed
503533,10228,2025-01-29,16,1,24.99,0.0,24.99,Completed
504392,10623,2025-01-29,16,3,24.99,0.0,74.97,Completed
502813,10442,2025-01-29,16,2,24.99,0.15,42.48,Completed
501916,10793,2025-01-29,8,1,249.99,0.1,224.99,Completed
501872,10129,2025-01-30,1,5,49.99,0.0,249.95,Completed
501911,10589,2025-01-30,11,3,279.99,0.0,839.97,Completed
503091,10544,2025-01-30,3,1,89.99,0.0,89.99,Completed
503324,10589,2025-01-30,16,2,24.99,0.05,47.48,Completed
502851,10888,2025-01-30,29,2,199.99,0.05,379.98,Completed
503545,10452,2025-01-30,26,2,22.99,0.2,36.78,Completed
503863,10109,2025-01-30,12,3,109.99,0.1,296.97,Completed
504692,10570,2025-01-30,15,2,11.99,0.1,21.58,Completed
503190,10678,2025-01-30,10,1,179.99,0.0,179.99,Completed
501460,10619,2025-01-30,14,1,14.99,0.2,11.99,Completed
503292,10191,2025-01-30,15,1,11.99,0.05,11.39,Completed
502781,10060,2025-01-30,28,3,129.99,0.1,350.97,Completed
500247,10421,2025-01-30,19,1,64.99,0.0,64.99,Completed
501378,10347,2025-01-31,2,3,29.99,0.05,85.47,Completed
501224,10192,2025-01-31,17,1,69.99,0.0,69.99,Completed
504426,10900,2025-01-31,27,1,59.99,0.15,50.99,Completed
502379,10242,2025-01-31,30,2,229.99,0.0,459.98,Completed
502180,10337,2025-01-31,18,1,34.99,0.0,34.99,Completed
502686,10188,2025-02-01,22,2,29.99,0.0,59.98,Completed
501750,10010,2025-02-01,25,1,24.99,0.0,24.99,Completed
500868,10819,2025-02-01,16,3,24.99,0.0,74.97,Completed
501128,10869,2025-02-01,13,4,179.99,0.0,719.96,Completed
504133,10176,2025-02-02,9,2,399.99,0.05,759.98,Completed
501454,10706,2025-02-02,24,2,39.99,0.1,71.98,Completed
502855,10460,2025-02-02,18,2,34.99,0.0,69.98,Completed
504124,10532,2025-02-03,4,1,59.99,0.1,0.0,Returned
504051,10186,2025-02-03,15,1,11.99,0.05,11.39,Completed
502712,10639,2025-02-03,6,1,79.99,0.1,71.99,Completed
500433,10909,2025-02-04,16,2,24.99,0.05,47.48,Completed
502682,10758,2025-02-04,14,2,14.99,0.1,26.98,Completed
503450,10159,2025-02-04,17,1,69.99,0.05,66.49,Completed
503386,10658,2025-02-04,26,2,22.99,0.15,39.08,Completed
501553,10299,2025-02-05,22,1,29.99,0.0,29.99,Completed
500474,10623,2025-02-05,14,2,14.99,0.0,29.98,Completed
500864,10534,2025-02-05,22,3,29.99,0.0,89.97,Completed
501737,10840,2025-02-05,26,2,22.99,0.1,41.38,Completed
503193,10932,2025-02-05,18,1,34.99,0.0,34.99,Completed
501319,10429,2025-02-05,14,1,14.99,0.1,13.49,Completed
504082,10302,2025-02-05,19,1,64.99,0.1,58.49,Completed
503653,10299,2025-02-05,25,5,24.99,0.0,124.95,Completed
504059,10586,2025-02-05,25,1,24.99,0.15,21.24,Completed
502943,10208,2025-02-06,13,2,179.99,0.0,359.98,Completed
502954,10982,2025-02-06,17,2,69.99,0.0,139.98,Completed
501550,10287,2025-02-06,12,1,109.99,0.0,109.99,Completed
502780,10580,2025-02-06,29,1,199.99,0.0,0.0,Returned
502500,10058,2025-02-06,18,1,34.99,0.0,34.99,Completed
504160,10098,2025-02-06,25,1,24.99,0.0,24.99,Completed
503546,10239,2025-02-07,22,4,29.99,0.1,107.96,Completed
501058,10137,2025-02-07,23,1,44.99,0.05,42.74,Completed
502729,10390,2025-02-07,14,1,14.99,0.05,14.24,Completed
501764,10671,2025-02-07,16,2,24.99,0.05,47.48,Completed
502145,10624,2025-02-07,29,4,199.99,0.2,639.97,Completed
500182,10323,2025-02-08,15,1,11.99,0.05,11.39,Completed
503343,10390,2025-02-08,3,4,89.99,0.0,359.96,Completed
503046,10623,2025-02-08,6,1,79.99,0.0,79.99,Completed
504089,10116,2025-02-08,20,2,19.99,0.0,39.98,Completed
502558,10408,2025-02-08,2,1,29.99,0.05,28.49,Completed
501580,10405,2025-02-08,14,4,14.99,0.15,0.0,Returned
501203,10920,2025-02-08,17,2,69.99,0.1,125.98,Completed
502527,10684,2025-02-09,16,1,24.99,0.05,23.74,Completed
504528,10590,2025-02-09,26,4,22.99,0.0,91.96,Completed
502095,10080,2025-02-10,14,4,14.99,0.0,59.96,Completed
502856,10632,2025-02-10,8,1,249.99,0.2,199.99,Completed
503162,10116,2025-02-10,2,1,29.99,0.15,25.49,Completed
501095,10886,2025-02-11,26,1,22.99,0.0,22.99,Completed
504776,10302,2025-02-11,22,3,29.99,0.15,76.47,Completed
502384,10998,2025-02-11,23,1,44.99,0.05,42.74,Completed
500275,10978,2025-02-11,23,1,44.99,0.0,44.99,Completed
501755,10324,2025-02-12,14,1,14.99,0.05,14.24,Completed
502929,10086,2025-02-12,9,3,399.99,0.0,1199.97,Completed
504301,10024,2025-02-12,29,1,199.99,0.1,179.99,Completed
501417,10935,2025-02-12,21,3,12.99,0.05,37.02,Completed
501267,10363,2025-02-13,20,1,19.99,0.05,18.99,Completed
503924,10250,2025-02-13,15,1,11.99,0.05,0.0,Returned
501350,10937,2025-02-13,19,1,64.99,0.0,64.99,Completed
500367,10978,2025-02-13,8,2,249.99,0.05,474.98,Completed
504432,10502,2025-02-13,15,1,11.99,0.0,11.99,Completed
500928,10235,2025-02-13,16,1,24.99,0.0,24.99,Completed
504818,10181,2025-02-14,5,2,149.99,0.1,269.98,Completed
504168,10309,2025-02-14,6,3,79.99,0.05,227.97,Completed
500839,10620,2025-02-14,16,2,24.99,0.1,44.98,Completed
500014,10665,2025-02-14,19,1,64.99,0.1,58.49,Completed
501994,10224,2025-02-14,10,1,179.99,0.15,152.99,Completed
503435,10832,2025-02-14,6,1,79.99,0.1,71.99,Completed
501756,10132,2025-02-15,20,5,19.99,0.05,94.95,Completed
502445,10256,2025-02-15,19,1,64.99,0.0,64.99,Completed
504717,10895,2025-02-15,21,1,12.99,0.0,12.99,Completed
500221,10227,2025-02-15,17,2,69.99,0.2,111.98,Completed
502010,10528,2025-02-15,17,1,69.99,0.1,62.99,Completed
502099,10763,2025-02-15,10,3,179.99,0.1,485.97,Completed
502818,10199,2025-02-15,23,2,44.99,0.05,85.48,Completed
504250,10527,2025-02-15,16,2,24.99,0.05,47.48,Completed
500131,10251,2025-02-16,25,1,24.99,0.05,23.74,Completed
502804,10938,2025-02-16,4,1,59.99,0.05,56.99,Completed
504459,10226,2025-02-16,25,1,24.99,0.1,22.49,Completed
502426,10530,2025-02-16,4,1,59.99,0.15,50.99,Completed
500856,10475,2025-02-16,5,4,149.99,0.1,0.0,Returned
503415,10962,2025-02-16,1,2,49.99,0.15,84.98,Completed
500952,10259,2025-02-16,27,1,59.99,0.0,59.99,Completed
501551,10470,2025-02-17,6,1,79.99,0.15,67.99,Completed
503884,10536,2025-02-17,1,1,49.99,0.05,47.49,Completed
500074,10829,2025-02-17,19,2,64.99,0.0,129.98,Completed
503816,10963,2025-02-17,2,1,29.99,0.0,29.99,Completed
501351,10252,2025-02-17,23,3,44.99,0.0,134.97,Completed
502027,10984,2025-02-18,27,1,59.99,0.0,59.99,Completed
503510,10920,2025-02-18,2,1,29.99,0.1,26.99,Completed
503079,10488,2025-02-18,1,1,49.99,0.0,49.99,Completed
501538,10128,2025-02-18,24,3,39.99,0.0,119.97,Completed
503211,10457,2025-02-18,19,1,64.99,0.05,61.74,Completed
502634,10303,2025-02-18,6,2,79.99,0.0,159.98,Completed
500682,10169,2025-02-18,14,1,14.99,0.1,13.49,Completed
502783,10057,2025-02-18,7,2,39.99,0.0,79.98,Completed
504507,10384,2025-02-18,10,1,179.99,0.05,170.99,Completed
504990,10068,2025-02-18,14,3,14.99,0.0,44.97,Completed
503113,10438,2025-02-18,16,1,24.99,0.2,19.99,Completed
503583,10520,2025-02-19,20,3,19.99,0.0,59.97,Completed
501907,10023,2025-02-19,9,3,399.99,0.0,1199.97,Completed
502864,10119,2025-02-19,6,5,79.99,0.0,399.95,Completed
501809,10045,2025-02-19,18,1,34.99,0.0,34.99,Completed
501390,10125,2025-02-19,12,3,109.99,0.05,313.47,Completed
503842,10323,2025-02-19,2,2,29.99,0.0,59.98,Completed
500230,10703,2025-02-19,2,3,29.99,0.1,80.97,Completed
503585,10153,2025-02-19,20,1,19.99,0.15,16.99,Completed
504787,10829,2025-02-19,1,1,49.99,0.0,49.99,Completed
504478,10366,2025-02-20,15,2,11.99,0.05,22.78,Completed
504655,10041,2025-02-20,15,1,11.99,0.0,11.99,Completed
504589,10711,2025-02-20,19,4,64.99,0.1,233.96,Completed
504661,10025,2025-02-20,9,5,399.99,0.0,1999.95,Completed
504435,10390,2025-02-20,8,1,249.99,0.05,237.49,Completed
504070,10958,2025-02-20,2,1,29.99,0.1,26.99,Completed
504696,10937,2025-02-20,1,1,49.99,0.0,49.99,Completed
504786,10302,2025-02-20,20,1,19.99,0.1,0.0,Returned
503876,10614,2025-02-21,20,2,19.99,0.0,39.98,Completed
501803,10791,2025-02-21,4,1,59.99,0.0,0.0,Returned
503250,10171,2025-02-21,5,1,149.99,0.0,0.0,Cancelled
504135,10832,2025-02-21,9,1,399.99,0.05,379.99,Completed
503839,10436,2025-02-22,15,1,11.99,0.0,11.99,Completed
502838,10496,2025-02-22,14,1,14.99,0.05,14.24,Completed
500381,10292,2025-02-22,5,1,149.99,0.05,142.49,Completed
501712,10325,2025-02-22,8,1,249.99,0.05,237.49,Completed
503011,10384,2025-02-22,20,1,19.99,0.1,17.99,Completed
501465,10428,2025-02-23,20,4,19.99,0.0,79.96,Completed
503694,10194,2025-02-23,3,2,89.99,0.05,170.98,Completed
502754,10495,2025-02-23,29,3,199.99,0.05,569.97,Completed
504072,10445,2025-02-23,4,1,59.99,0.0,59.99,Completed
501526,10530,2025-02-23,30,2,229.99,0.15,390.98,Completed
504987,10589,2025-02-23,4,1,59.99,0.0,59.99,Completed
504464,10076,2025-02-23,7,3,39.99,0.0,0.0,Returned
501556,10655,2025-02-23,22,1,29.99,0.15,25.49,Completed
500293,10057,2025-02-23,1,4,49.99,0.15,0.0,Returned
501856,10804,2025-02-23,3,2,89.99,0.05,170.98,Completed
500197,10337,2025-02-24,3,1,89.99,0.1,80.99,Completed
502053,10961,2025-02-24,12,1,109.99,0.05,104.49,Completed
500138,10907,2025-02-24,9,1,399.99,0.15,339.99,Completed
503032,10999,2025-02-24,24,2,39.99,0.0,79.98,Completed
503853,10888,2025-02-24,3,1,89.99,0.0,89.99,Completed
504552,10551,2025-02-24,25,1,24.99,0.05,23.74,Completed
501399,10548,2025-02-24,12,1,109.99,0.1,98.99,Completed
504815,10459,2025-02-24,5,1,149.99,0.0,149.99,Completed
500037,10780,2025-02-24,21,1,12.99,0.0,12.99,Completed
503142,10562,2025-02-25,24,3,39.99,0.0,119.97,Completed
502455,10371,2025-02-25,1,1,49.99,0.1,44.99,Completed
500090,10272,2025-02-25,23,4,44.99,0.05,170.96,Completed
501440,10248,2025-02-25,2,2,29.99,0.0,59.98,Completed
501268,10466,2025-02-25,2,1,29.99,0.0,29.99,Completed
501206,10706,2025-02-25,4,1,59.99,0.15,50.99,Completed
500196,10632,2025-02-25,25,2,24.99,0.05,47.48,Completed
503519,10322,2025-02-25,22,2,29.99,0.05,56.98,Completed
503565,10023,2025-02-25,6,1,79.99,0.0,79.99,Completed
500771,10361,2025-02-25,15,2,11.99,0.05,22.78,Completed
504695,10139,2025-02-26,3,1,89.99,0.1,80.99,Completed
503340,10269,2025-02-26,1,2,49.99,0.05,94.98,Completed
502589,10897,2025-02-26,15,1,11.99,0.05,11.39,Completed
501676,10492,2025-02-26,21,1,12.99,0.0,12.99,Completed
500180,10539,2025-02-26,20,1,19.99,0.05,18.99,Completed
501682,10112,2025-02-27,5,3,149.99,0.05,0.0,Returned
502721,10604,2025-02-27,1,1,49.99,0.05,0.0,Returned
501021,10700,2025-02-27,26,2,22.99,0.0,45.98,Completed
502464,10743,2025-02-28,26,2,22.99,0.1,41.38,Completed
500858,10104,2025-02-28,2,4,29.99,0.05,113.96,Completed
501476,10057,2025-02-28,12,1,109.99,0.0,109.99,Completed
503498,10269,2025-02-28,7,2,39.99,0.0,79.98,Completed
500274,10511,2025-02-28,12,1,109.99,0.0,109.99,Completed
502096,10502,2025-02-28,3,3,89.99,0.1,242.97,Completed
504891,10562,2025-02-28,3,1,89.99,0.0,89.99,Completed
501967,10182,2025-03-01,10,1,179.99,0.0,179.99,Completed
503707,10805,2025-03-01,3,1,89.99,0.0,89.99,Completed
500213,10503,2025-03-01,15,2,11.99,0.0,23.98,Completed
503584,10020,2025-03-01,12,1,109.99,0.1,98.99,Completed
500761,10528,2025-03-01,21,1,12.99,0.0,12.99,Completed
500810,10241,2025-03-01,22,3,29.99,0.0,89.97,Completed
501637,10999,2025-03-01,1,1,49.99,0.1,44.99,Completed
503828,10550,2025-03-01,30,3,229.99,0.0,689.97,Completed
502128,10134,2025-03-01,14,2,14.99,0.15,25.48,Completed
504567,10187,2025-03-02,26,1,22.99,0.0,22.99,Completed
500111,10244,2025-03-02,30,1,229.99,0.15,195.49,Completed
501015,10949,2025-03-02,18,1,34.99,0.1,31.49,Completed
500296,10505,2025-03-02,1,2,49.99,0.0,99.98,Completed
504849,10445,2025-03-02,20,5,19.99,0.0,99.95,Completed
504551,10946,2025-03-02,30,1,229.99,0.2,183.99,Completed
500017,10304,2025-03-02,16,1,24.99,0.0,24.99,Completed
503198,10841,2025-03-02,3,1,89.99,0.0,89.99,Completed
504985,10230,2025-03-02,22,1,29.99,0.1,26.99,Completed
500277,10383,2025-03-03,7,1,39.99,0.0,39.99,Completed
503109,10212,2025-03-03,22,3,29.99,0.05,85.47,Completed
504550,10190,2025-03-03,16,1,24.99,0.0,24.99,Completed
501733,10228,2025-03-03,16,1,24.99,0.0,24.99,Completed
500347,10388,2025-03-03,15,1,11.99,0.0,0.0,Returned
502862,10573,2025-03-03,16,1,24.99,0.15,21.24,Completed
501562,10900,2025-03-03,21,1,12.99,0.0,12.99,Completed
504176,10157,2025-03-03,6,2,79.99,0.1,143.98,Completed
500324,10911,2025-03-04,22,3,29.99,0.0,89.97,Completed
501019,10780,2025-03-04,14,1,14.99,0.0,14.99,Completed
500228,10984,2025-03-04,24,3,39.99,0.0,119.97,Completed
501478,10281,2025-03-04,11,1,279.99,0.1,251.99,Completed
501683,10365,2025-03-04,18,1,34.99,0.0,34.99,Completed
500059,10978,2025-03-04,14,1,14.99,0.05,0.0,Returned
502314,10363,2025-03-04,6,5,79.99,0.0,399.95,Completed
502566,10222,2025-03-04,20,1,19.99,0.1,17.99,Completed
500458,10514,2025-03-04,28,1,129.99,0.0,129.99,Completed
502349,10844,2025-03-05,7,1,39.99,0.1,35.99,Completed
504416,10720,2025-03-06,15,1,11.99,0.05,11.39,Completed
503581,10206,2025-03-06,18,1,34.99,0.0,34.99,Completed
504444,10986,2025-03-06,25,1,24.99,0.0,24.99,Completed
500846,10043,2025-03-06,24,3,39.99,0.0,119.97,Completed
500831,10393,2025-03-06,20,2,19.99,0.05,37.98,Completed
504180,10496,2025-03-06,1,2,49.99,0.05,94.98,Completed
500414,10915,2025-03-07,15,2,11.99,0.1,21.58,Completed
502975,10945,2025-03-07,20,1,19.99,0.0,19.99,Completed
502497,10987,2025-03-07,17,2,69.99,0.15,118.98,Completed
500667,10072,2025-03-07,4,1,59.99,0.0,0.0,Returned
500321,10589,2025-03-07,14,1,14.99,0.1,13.49,Completed
502100,10370,2025-03-07,7,3,39.99,0.0,119.97,Completed
503780,10900,2025-03-07,16,1,24.99,0.0,24.99,Completed
501054,10318,2025-03-08,26,1,22.99,0.2,18.39,Completed
501075,10336,2025-03-08,30,1,229.99,0.05,218.49,Completed
502287,10961,2025-03-08,24,1,39.99,0.15,33.99,Completed
504305,10894,2025-03-08,28,3,129.99,0.0,389.97,Completed
504716,10064,2025-03-08,17,1,69.99,0.0,69.99,Completed
504440,10972,2025-03-08,12,2,109.99,0.05,208.98,Completed
501720,10346,2025-03-08,17,1,69.99,0.05,66.49,Completed
501500,10690,2025-03-08,6,1,79.99,0.0,79.99,Completed
502776,10826,2025-03-08,15,1,11.99,0.1,0.0,Cancelled
504443,10044,2025-03-08,19,1,64.99,0.0,64.99,Completed
500226,10164,2025-03-08,24,1,39.99,0.0,39.99,Completed
502680,10515,2025-03-08,23,1,44.99,0.0,0.0,Returned
504115,10327,2025-03-09,19,1,64.99,0.05,61.74,Completed
500551,10848,2025-03-09,18,1,34.99,0.05,33.24,Completed
500911,10390,2025-03-09,12,2,109.99,0.0,219.98,Completed
502236,10336,2025-03-09,1,2,49.99,0.0,99.98,Completed
504468,10223,2025-03-09,16,1,24.99,0.05,23.74,Completed
501479,10999,2025-03-09,26,3,22.99,0.15,58.62,Completed
504460,10082,2025-03-09,12,3,109.99,0.0,329.97,Completed
503472,10276,2025-03-09,16,4,24.99,0.05,94.96,Completed
504217,10283,2025-03-10,4,1,59.99,0.0,59.99,Completed
500410,10156,2025-03-10,19,3,64.99,0.0,194.97,Completed
500833,10794,2025-03-10,26,4,22.99,0.1,82.76,Completed
501318,10864,2025-03-10,17,1,69.99,0.05,66.49,Completed
500009,10677,2025-03-10,13,1,179.99,0.0,179.99,Completed
501124,10022,2025-03-11,16,2,24.99,0.0,49.98,Completed
504851,10440,2025-03-11,3,3,89.99,0.0,269.97,Completed
503915,10190,2025-03-11,23,1,44.99,0.05,42.74,Completed
501646,10598,2025-03-11,20,4,19.99,0.15,67.97,Completed
501327,10148,2025-03-11,1,5,49.99,0.15,212.46,Completed
504247,10064,2025-03-11,22,2,29.99,0.0,59.98,Completed
503014,10045,2025-03-12,24,1,39.99,0.05,37.99,Completed
502552,10116,2025-03-12,18,1,34.99,0.0,34.99,Completed
504893,10619,2025-03-12,13,1,179.99,0.05,170.99,Completed
502734,10663,2025-03-12,4,5,59.99,0.0,299.95,Completed
504873,10791,2025-03-13,3,2,89.99,0.1,161.98,Completed
500057,10467,2025-03-13,12,1,109.99,0.0,109.99,Completed
503561,10138,2025-03-13,21,5,12.99,0.0,64.95,Completed
503223,10705,2025-03-13,3,4,89.99,0.0,359.96,Completed
501257,10619,2025-03-13,17,2,69.99,0.15,118.98,Completed
500919,10022,2025-03-13,26,2,22.99,0.0,45.98,Completed
502060,10604,2025-03-13,15,3,11.99,0.15,30.57,Completed
500769,10364,2025-03-14,29,3,199.99,0.0,599.97,Completed
500791,10761,2025-03-14,2,2,29.99,0.15,50.98,Completed
503387,10890,2025-03-14,25,2,24.99,0.0,49.98,Completed
502808,10394,2025-03-14,13,1,179.99,0.0,179.99,Completed
500386,10279,2025-03-14,22,3,29.99,0.0,0.0,Returned
501868,10583,2025-03-14,8,3,249.99,0.05,712.47,Completed
500473,10140,2025-03-14,14,2,14.99,0.0,29.98,Completed
500613,10388,2025-03-14,21,2,12.99,0.0,0.0,Returned
500358,10812,2025-03-14,25,1,24.99,0.05,23.74,Completed
500338,10104,2025-03-14,14,1,14.99,0.0,14.99,Completed
500011,10985,2025-03-14,28,1,129.99,0.05,123.49,Completed
502214,10502,2025-03-14,23,1,44.99,0.0,44.99,Completed
503104,10110,2025-03-14,13,1,179.99,0.05,170.99,Completed
503857,10366,2025-03-14,30,2,229.99,0.05,436.98,Completed
500006,10919,2025-03-15,11,1,279.99,0.0,279.99,Completed
504913,10360,2025-03-15,22,1,29.99,0.05,28.49,Completed
500802,10958,2025-03-15,24,3,39.99,0.05,113.97,Completed
503086,10405,2025-03-15,4,3,59.99,0.0,179.97,Completed
504813,10452,2025-03-15,29,2,199.99,0.0,399.98,Completed
500354,10997,2025-03-15,2,1,29.99,0.0,29.99,Completed
500872,10836,2025-03-15,25,1,24.99,0.05,23.74,Completed
502691,10171,2025-03-15,22,1,29.99,0.05,28.49,Completed
500306,10439,2025-03-16,20,1,19.99,0.0,19.99,Completed
501909,10250,2025-03-16,24,1,39.99,0.1,35.99,Completed
500101,10262,2025-03-16,2,4,29.99,0.1,107.96,Completed
503316,10862,2025-03-16,23,1,44.99,0.05,42.74,Completed
501241,10321,2025-03-16,23,1,44.99,0.1,40.49,Completed
502304,10210,2025-03-16,16,2,24.99,0.05,47.48,Completed
502914,10663,2025-03-16,25,2,24.99,0.0,49.98,Completed
503669,10795,2025-03-16,13,2,179.99,0.0,359.98,Completed
503934,10963,2025-03-17,9,1,399.99,0.05,379.99,Completed
501871,10059,2025-03-17,17,1,69.99,0.15,59.49,Completed
500997,10936,2025-03-17,24,2,39.99,0.15,67.98,Completed
504374,10528,2025-03-17,30,1,229.99,0.0,229.99,Completed
503691,10155,2025-03-17,21,5,12.99,0.0,64.95,Completed
504418,10662,2025-03-17,21,1,12.99,0.05,12.34,Completed
500161,10498,2025-03-17,6,2,79.99,0.0,0.0,Returned
500743,10239,2025-03-17,2,2,29.99,0.0,59.98,Completed
502755,10445,2025-03-17,22,3,29.99,0.0,89.97,Completed
504218,10530,2025-03-17,27,4,59.99,0.0,239.96,Completed
501104,10020,2025-03-17,16,3,24.99,0.0,74.97,Completed
501992,10892,2025-03-17,19,2,64.99,0.05,123.48,Completed
502496,10496,2025-03-18,22,1,29.99,0.0,29.99,Completed
504869,10925,2025-03-18,25,2,24.99,0.0,49.98,Completed
501186,10780,2025-03-18,27,2,59.99,0.05,113.98,Completed
501292,10493,2025-03-18,2,5,29.99,0.2,119.96,Completed
500237,10528,2025-03-18,6,4,79.99,0.1,287.96,Completed
503260,10775,2025-03-18,28,1,129.99,0.0,129.99,Completed
500025,10630,2025-03-18,18,3,34.99,0.0,104.97,Completed
504106,10695,2025-03-18,27,1,59.99,0.0,59.99,Completed
503043,10975,2025-03-19,30,2,229.99,0.0,459.98,Completed
501870,10678,2025-03-19,19,4,64.99,0.0,259.96,Completed
502990,10589,2025-03-19,20,5,19.99,0.0,99.95,Completed
501577,10136,2025-03-19,20,5,19.99,0.0,99.95,Completed
504467,10836,2025-03-19,6,3,79.99,0.1,215.97,Completed
500382,10163,2025-03-19,25,4,24.99,0.0,99.96,Completed
500304,10208,2025-03-19,7,1,39.99,0.05,37.99,Completed
501007,10497,2025-03-19,22,2,29.99,0.0,59.98,Completed
503184,10528,2025-03-19,2,2,29.99,0.0,59.98,Completed
502714,10269,2025-03-20,20,2,19.99,0.1,35.98,Completed
503805,10252,2025-03-20,19,3,64.99,0.05,185.22,Completed
501595,10788,2025-03-20,12,1,109.99,0.05,104.49,Completed
502360,10334,2025-03-20,22,1,29.99,0.1,26.99,Completed
500734,10157,2025-03-20,26,1,22.99,0.1,20.69,Completed
503804,10614,2025-03-20,21,1,12.99,0.0,12.99,Completed
504874,10079,2025-03-20,4,1,59.99,0.0,59.99,Completed
501496,10394,2025-03-21,16,1,24.99,0.05,0.0,Returned
500710,10387,2025-03-21,23,4,44.99,0.05,170.96,Completed
502466,10418,2025-03-21,15,4,11.99,0.05,45.56,Completed
501276,10484,2025-03-21,8,1,249.99,0.05,237.49,Completed
501606,10764,2025-03-21,16,3,24.99,0.1,67.47,Completed
503066,10363,2025-03-21,14,1,14.99,0.0,14.99,Completed
503702,10234,2025-03-21,30,1,229.99,0.0,229.99,Completed
502695,10117,2025-03-21,13,1,179.99,0.0,179.99,Completed
503950,10215,2025-03-21,16,5,24.99,0.0,124.95,Completed
500674,10890,2025-03-21,10,2,179.99,0.0,359.98,Completed
502006,10750,2025-03-22,25,1,24.99,0.1,22.49,Completed
501240,10284,2025-03-22,15,1,11.99,0.1,10.79,Completed
504144,10524,2025-03-22,24,1,39.99,0.0,39.99,Completed
503313,10870,2025-03-22,15,1,11.99,0.0,11.99,Completed
501009,10018,2025-03-22,26,2,22.99,0.15,39.08,Completed
504213,10900,2025-03-22,18,1,34.99,0.15,29.74,Completed
501906,10008,2025-03-22,5,1,149.99,0.0,149.99,Completed
500678,10727,2025-03-22,20,5,19.99,0.05,0.0,Returned
500754,10227,2025-03-23,30,3,229.99,0.15,586.47,Completed
504788,10677,2025-03-23,19,1,64.99,0.15,55.24,Completed
502076,10184,2025-03-23,22,2,29.99,0.0,59.98,Completed
500019,10103,2025-03-23,14,1,14.99,0.1,13.49,Completed
503454,10499,2025-03-23,26,1,22.99,0.0,22.99,Completed
503378,10046,2025-03-24,25,1,24.99,0.0,24.99,Completed
504549,10438,2025-03-24,19,1,64.99,0.0,64.99,Completed
504681,10014,2025-03-24,15,5,11.99,0.05,56.95,Completed
502161,10896,2025-03-24,20,1,19.99,0.05,0.0,Cancelled
504451,10994,2025-03-24,29,3,199.99,0.1,539.97,Completed
503867,10016,2025-03-25,22,1,29.99,0.0,29.99,Completed
503955,10202,2025-03-25,26,3,22.99,0.0,68.97,Completed
500209,10271,2025-03-25,26,5,22.99,0.05,109.2,Completed
501783,10994,2025-03-25,23,3,44.99,0.0,0.0,Returned
501080,10283,2025-03-25,20,2,19.99,0.0,39.98,Completed
502391,10887,2025-03-25,13,1,179.99,0.0,179.99,Completed
504680,10995,2025-03-26,21,2,12.99,0.0,25.98,Completed
500260,10436,2025-03-26,27,1,59.99,0.05,56.99,Completed
502511,10661,2025-03-27,14,2,14.99,0.05,28.48,Completed
503609,10998,2025-03-27,22,2,29.99,0.0,59.98,Completed
501523,10507,2025-03-27,17,1,69.99,0.0,69.99,Completed
500902,10348,2025-03-27,8,1,249.99,0.0,0.0,Returned
503314,10442,2025-03-27,14,4,14.99,0.0,59.96,Completed
504667,10765,2025-03-27,14,3,14.99,0.15,38.22,Completed
502671,10735,2025-03-28,10,5,179.99,0.1,809.96,Completed
503553,10546,2025-03-28,22,1,29.99,0.05,28.49,Completed
503624,10652,2025-03-28,25,5,24.99,0.1,112.46,Completed
500231,10264,2025-03-28,17,1,69.99,0.15,59.49,Completed
501972,10962,2025-03-28,18,1,34.99,0.1,31.49,Completed
501573,10307,2025-03-28,15,2,11.99,0.1,21.58,Completed
502618,10438,2025-03-29,16,1,24.99,0.1,22.49,Completed
503461,10010,2025-03-29,30,2,229.99,0.15,0.0,Cancelled
502377,10160,2025-03-29,20,1,19.99,0.15,16.99,Completed
502199,10351,2025-03-30,13,4,179.99,0.15,611.97,Completed
503492,10748,2025-03-30,26,1,22.99,0.15,19.54,Completed
502477,10559,2025-03-30,19,4,64.99,0.0,259.96,Completed
503368,10636,2025-03-30,22,1,29.99,0.0,29.99,Completed
503326,10557,2025-03-30,22,1,29.99,0.0,29.99,Completed
501308,10838,2025-03-30,21,1,12.99,0.0,12.99,Completed
500157,10452,2025-03-30,10,1,179.99,0.1,0.0,Returned
504998,10200,2025-03-30,19,3,64.99,0.05,185.22,Completed
502940,10006,2025-03-30,8,1,249.99,0.05,237.49,Completed
504739,10029,2025-03-31,11,3,279.99,0.0,839.97,Completed
502068,10623,2025-03-31,17,1,69.99,0.0,69.99,Completed
503845,10674,2025-03-31,6,1,79.99,0.1,71.99,Completed
502902,10451,2025-03-31,18,1,34.99,0.1,31.49,Completed
503100,10662,2025-04-01,26,2,22.99,0.0,45.98,Completed
500119,10573,2025-04-01,24,1,39.99,0.1,35.99,Completed
504858,10690,2025-04-01,16,2,24.99,0.0,49.98,Completed
504777,10191,2025-04-01,6,5,79.99,0.0,399.95,Completed
503748,10763,2025-04-01,21,3,12.99,0.05,37.02,Completed
501141,10348,2025-04-01,19,1,64.99,0.0,64.99,Completed
503768,10744,2025-04-02,30,1,229.99,0.05,218.49,Completed
504514,10779,2025-04-02,2,1,29.99,0.0,0.0,Returned
502164,10073,2025-04-02,7,3,39.99,0.0,119.97,Completed
502974,10404,2025-04-03,22,1,29.99,0.1,26.99,Completed
500853,10294,2025-04-03,17,2,69.99,0.1,125.98,Completed
504559,10231,2025-04-03,7,1,39.99,0.05,37.99,Completed
504406,10710,2025-04-03,1,1,49.99,0.0,49.99,Completed
501126,10497,2025-04-03,23,1,44.99,0.0,44.99,Completed
501380,10152,2025-04-03,18,1,34.99,0.0,34.99,Completed
503767,10086,2025-04-04,27,1,59.99,0.15,50.99,Completed
501254,10142,2025-04-04,23,2,44.99,0.0,89.98,Completed
502506,10015,2025-04-04,22,2,29.99,0.05,56.98,Completed
502815,10663,2025-04-04,7,2,39.99,0.1,71.98,Completed
500929,11000,2025-04-05,23,1,44.99,0.0,0.0,Returned
501521,10126,2025-04-05,15,1,11.99,0.1,10.79,Completed
503557,10508,2025-04-05,15,1,11.99,0.1,10.79,Completed
504433,10973,2025-04-05,14,1,14.99,0.0,14.99,Completed
501851,10421,2025-04-05,26,2,22.99,0.0,45.98,Completed
501407,10677,2025-04-05,19,1,64.99,0.2,51.99,Completed
502321,10347,2025-04-05,21,1,12.99,0.0,12.99,Completed
504558,10143,2025-04-05,12,1,109.99,0.0,109.99,Completed
502295,10228,2025-04-06,22,1,29.99,0.0,29.99,Completed
503445,10604,2025-04-06,24,1,39.99,0.0,39.99,Completed
502323,10667,2025-04-06,9,2,399.99,0.15,679.98,Completed
504586,10783,2025-04-06,26,1,22.99,0.0,22.99,Completed
502922,10020,2025-04-06,19,1,64.99,0.1,58.49,Completed
501785,10120,2025-04-07,29,1,199.99,0.15,169.99,Completed
504205,10556,2025-04-07,5,1,149.99,0.0,149.99,Completed
503013,10102,2025-04-07,8,1,249.99,0.0,249.99,Completed
502741,10631,2025-04-07,24,3,39.99,0.0,119.97,Completed
504740,10594,2025-04-07,22,1,29.99,0.15,25.49,Completed
502786,10248,2025-04-07,7,1,39.99,0.0,39.99,Completed
500402,10617,2025-04-07,7,2,39.99,0.15,67.98,Completed
501768,10453,2025-04-07,26,2,22.99,0.0,0.0,Returned
503119,10068,2025-04-07,26,3,22.99,0.0,68.97,Completed
503981,10095,2025-04-07,6,1,79.99,0.0,79.99,Completed
500653,10188,2025-04-08,24,1,39.99,0.05,37.99,Completed
503966,10010,2025-04-08,25,1,24.99,0.2,19.99,Completed
502237,10583,2025-04-08,29,1,199.99,0.0,199.99,Completed
504599,10521,2025-04-08,24,1,39.99,0.05,37.99,Completed
501910,10694,2025-04-08,20,2,19.99,0.1,35.98,Completed
503865,10924,2025-04-08,22,3,29.99,0.0,89.97,Completed
504561,10045,2025-04-08,16,1,24.99,0.0,24.99,Completed
501524,10475,2025-04-08,20,3,19.99,0.05,56.97,Completed
503623,10579,2025-04-08,14,1,14.99,0.0,14.99,Completed
504127,10301,2025-04-08,26,1,22.99,0.15,19.54,Completed
501956,10473,2025-04-08,8,1,249.99,0.1,224.99,Completed
500796,10896,2025-04-08,21,1,12.99,0.1,11.69,Completed
501102,10390,2025-04-08,8,1,249.99,0.05,237.49,Completed
504956,10562,2025-04-09,1,1,49.99,0.0,49.99,Completed
500288,10915,2025-04-09,25,1,24.99,0.0,24.99,Completed
503893,10895,2025-04-09,20,1,19.99,0.1,0.0,Cancelled
504226,10044,2025-04-10,25,1,24.99,0.05,23.74,Completed
502895,10526,2025-04-10,7,2,39.99,0.1,71.98,Completed
501677,10932,2025-04-10,16,3,24.99,0.0,74.97,Completed
503383,10498,2025-04-10,19,3,64.99,0.0,194.97,Completed
502973,10116,2025-04-10,17,1,69.99,0.0,69.99,Completed
502235,10613,2025-04-10,23,1,44.99,0.15,38.24,Completed
500406,10347,2025-04-10,19,1,64.99,0.0,64.99,Completed
502693,10570,2025-04-10,17,3,69.99,0.0,209.97,Completed
504652,10114,2025-04-11,21,1,12.99,0.0,12.99,Completed
503537,10763,2025-04-11,19,1,64.99,0.05,0.0,Cancelled
503658,10480,2025-04-11,21,3,12.99,0.15,33.12,Completed
504718,10878,2025-04-11,21,4,12.99,0.05,49.36,Completed
502773,10958,2025-04-11,22,1,29.99,0.0,29.99,Completed
500570,10780,2025-04-11,20,1,19.99,0.15,0.0,Returned
500584,10430,2025-04-11,9,1,399.99,0.1,359.99,Completed
500588,10749,2025-04-11,21,3,12.99,0.1,35.07,Completed
500067,10442,2025-04-11,4,1,59.99,0.05,56.99,Completed
501754,10987,2025-04-12,18,1,34.99,0.0,34.99,Completed
501557,10922,2025-04-12,25,1,24.99,0.0,24.99,Completed
504262,10694,2025-04-12,19,2,64.99,0.1,116.98,Completed
503405,10795,2025-04-12,14,3,14.99,0.1,40.47,Completed
504793,10250,2025-04-12,10,1,179.99,0.1,161.99,Completed
500315,10788,2025-04-12,25,1,24.99,0.0,24.99,Completed
502633,10481,2025-04-12,25,3,24.99,0.1,0.0,Cancelled
504050,10565,2025-04-13,5,4,149.99,0.1,539.96,Completed
501249,10275,2025-04-13,12,1,109.99,0.1,98.99,Completed
501535,10589,2025-04-13,12,1,109.99,0.0,109.99,Completed
502887,10812,2025-04-14,15,3,11.99,0.0,35.97,Completed
503704,10950,2025-04-14,1,1,49.99,0.0,49.99,Completed
500822,10877,2025-04-14,12,1,109.99,0.15,93.49,Completed
504728,10111,2025-04-14,29,2,199.99,0.1,359.98,Completed
502357,10716,2025-04-15,16,1,24.99,0.0,24.99,Completed
504664,10790,2025-04-15,3,1,89.99,0.05,85.49,Completed
502938,10363,2025-04-15,3,1,89.99,0.0,89.99,Completed
500869,10081,2025-04-15,27,1,59.99,0.0,59.99,Completed
504964,10764,2025-04-15,12,1,109.99,0.0,109.99,Completed
501973,10042,2025-04-15,3,1,89.99,0.1,80.99,Completed
503541,10379,2025-04-15,20,3,19.99,0.1,53.97,Completed
502654,10359,2025-04-15,18,1,34.99,0.15,29.74,Completed
504822,10242,2025-04-16,23,3,44.99,0.05,128.22,Completed
501208,10277,2025-04-16,3,1,89.99,0.05,85.49,Completed
504337,10352,2025-04-16,26,1,22.99,0.0,22.99,Completed
502636,10738,2025-04-16,2,1,29.99,0.0,29.99,Completed
504772,10640,2025-04-16,16,2,24.99,0.1,44.98,Completed
504708,10936,2025-04-16,23,4,44.99,0.0,179.96,Completed
504572,10819,2025-04-16,5,3,149.99,0.0,449.97,Completed
501505,10761,2025-04-16,20,1,19.99,0.05,18.99,Completed
500798,10212,2025-04-16,2,1,29.99,0.1,26.99,Completed
504517,10250,2025-04-17,22,2,29.99,0.0,59.98,Completed
504934,10611,2025-04-17,4,1,59.99,0.1,53.99,Completed
501849,10640,2025-04-17,21,1,12.99,0.1,11.69,Completed
503419,10461,2025-04-17,23,2,44.99,0.05,85.48,Completed
504796,10472,2025-04-17,23,2,44.99,0.0,89.98,Completed
501864,10719,2025-04-18,17,1,69.99,0.05,66.49,Completed
500829,10057,2025-04-18,15,1,11.99,0.0,11.99,Completed
502676,10155,2025-04-18,4,1,59.99,0.15,50.99,Completed
504601,10367,2025-04-18,17,3,69.99,0.1,188.97,Completed
501517,10530,2025-04-18,14,1,14.99,0.15,12.74,Completed
504749,10067,2025-04-18,13,5,179.99,0.0,899.95,Completed
502343,10052,2025-04-18,6,2,79.99,0.0,159.98,Completed
502903,10945,2025-04-19,20,1,19.99,0.0,0.0,Returned
503385,10365,2025-04-19,2,1,29.99,0.0,29.99,Completed
504847,10440,2025-04-19,17,5,69.99,0.05,332.45,Completed
504597,10401,2025-04-20,10,1,179.99,0.05,170.99,Completed
504496,10524,2025-04-20,25,1,24.99,0.05,23.74,Completed
502920,10295,2025-04-20,20,1,19.99,0.0,19.99,Completed
503928,10551,2025-04-20,18,2,34.99,0.0,69.98,Completed
503449,10468,2025-04-21,8,1,249.99,0.0,249.99,Completed
503169,10961,2025-04-21,27,1,59.99,0.05,56.99,Completed
500878,10133,2025-04-21,2,1,29.99,0.0,29.99,Completed
501306,10468,2025-04-21,6,4,79.99,0.0,0.0,Cancelled
500718,10237,2025-04-21,12,1,109.99,0.05,104.49,Completed
503815,10633,2025-04-21,26,2,22.99,0.0,45.98,Completed
503085,10645,2025-04-21,20,2,19.99,0.05,37.98,Completed
501253,10118,2025-04-21,20,2,19.99,0.0,39.98,Completed
501525,10449,2025-04-22,17,3,69.99,0.0,209.97,Completed
501937,10958,2025-04-22,6,2,79.99,0.05,151.98,Completed
502154,10669,2025-04-22,1,2,49.99,0.1,89.98,Completed
500117,10658,2025-04-22,10,1,179.99,0.15,152.99,Completed
501261,10256,2025-04-22,23,2,44.99,0.0,89.98,Completed
502255,10414,2025-04-23,14,2,14.99,0.0,29.98,Completed
501594,10029,2025-04-23,18,2,34.99,0.0,69.98,Completed
500492,10350,2025-04-23,26,5,22.99,0.05,109.2,Completed
501792,10201,2025-04-23,26,1,22.99,0.1,20.69,Completed
503756,10433,2025-04-23,7,2,39.99,0.05,75.98,Completed
501846,10083,2025-04-23,24,1,39.99,0.05,37.99,Completed
504711,10130,2025-04-23,15,1,11.99,0.0,11.99,Completed
501735,10530,2025-04-23,20,1,19.99,0.0,19.99,Completed
501938,10532,2025-04-23,26,2,22.99,0.0,45.98,Completed
504646,10151,2025-04-23,16,1,24.99,0.05,23.74,Completed
503143,10102,2025-04-24,23,2,44.99,0.0,89.98,Completed
502996,10851,2025-04-24,17,2,69.99,0.0,139.98,Completed
502830,10237,2025-04-24,22,2,29.99,0.05,0.0,Returned
501177,10350,2025-04-24,2,2,29.99,0.05,56.98,Completed
501077,10828,2025-04-24,14,1,14.99,0.15,12.74,Completed
504948,10438,2025-04-24,20,1,19.99,0.0,0.0,Cancelled
504241,10829,2025-04-24,30,1,229.99,0.0,229.99,Completed
500236,10610,2025-04-24,23,1,44.99,0.05,42.74,Completed
500050,10942,2025-04-24,27,1,59.99,0.0,59.99,Completed
502857,10671,2025-04-24,9,2,399.99,0.05,759.98,Completed
504775,10838,2025-04-25,24,1,39.99,0.1,35.99,Completed
503377,10507,2025-04-25,13,1,179.99,0.2,143.99,Completed
500316,10262,2025-04-25,2,2,29.99,0.1,53.98,Completed
500472,10245,2025-04-25,18,1,34.99,0.15,29.74,Completed
500876,10068,2025-04-26,21,3,12.99,0.0,38.97,Completed
501430,10180,2025-04-26,25,3,24.99,0.0,74.97,Completed
503844,10723,2025-04-26,22,2,29.99,0.05,56.98,Completed
500620,10595,2025-04-26,15,1,11.99,0.0,11.99,Completed
500462,10772,2025-04-26,19,3,64.99,0.0,0.0,Returned
504744,10930,2025-04-26,12,2,109.99,0.1,197.98,Completed
504338,10886,2025-04-26,12,2,109.99,0.05,208.98,Completed
504836,10528,2025-04-26,1,3,49.99,0.0,149.97,Completed
502183,10766,2025-04-26,14,3,14.99,0.05,0.0,Cancelled
500748,10508,2025-04-26,18,2,34.99,0.0,69.98,Completed
504252,10179,2025-04-26,2,1,29.99,0.0,29.99,Completed
504037,10824,2025-04-27,2,1,29.99,0.0,29.99,Completed
500371,10558,2025-04-27,25,1,24.99,0.0,24.99,Completed
501840,10918,2025-04-27,15,2,11.99,0.1,21.58,Completed
504109,10294,2025-04-27,11,5,279.99,0.0,1399.95,Completed
502812,10391,2025-04-27,1,1,49.99,0.0,49.99,Completed
502179,10683,2025-04-27,23,1,44.99,0.05,42.74,Completed
502390,10662,2025-04-28,8,2,249.99,0.05,474.98,Completed
500662,10260,2025-04-28,1,1,49.99,0.0,49.99,Completed
502168,10530,2025-04-28,1,4,49.99,0.0,199.96,Completed
501601,10286,2025-04-28,24,1,39.99,0.0,0.0,Returned
503401,10233,2025-04-29,3,1,89.99,0.0,89.99,Completed
501366,10046,2025-04-29,2,3,29.99,0.0,89.97,Completed
500737,10753,2025-04-29,9,3,399.99,0.05,1139.97,Completed
500914,10458,2025-04-29,14,1,14.99,0.1,13.49,Completed
500528,10310,2025-04-29,1,3,49.99,0.1,134.97,Completed
504805,10137,2025-04-30,21,1,12.99,0.0,12.99,Completed
502014,10886,2025-04-30,16,4,24.99,0.0,99.96,Completed
502072,10140,2025-04-30,29,1,199.99,0.1,179.99,Completed
501622,10460,2025-04-30,25,1,24.99,0.15,0.0,Cancelled
501837,10379,2025-04-30,2,2,29.99,0.05,56.98,Completed
501799,10328,2025-04-30,24,4,39.99,0.1,143.96,Completed
504527,10615,2025-04-30,15,2,11.99,0.05,22.78,Completed
502924,10276,2025-04-30,14,1,14.99,0.0,14.99,Completed
500189,10640,2025-05-01,3,1,89.99,0.05,85.49,Completed
500544,10047,2025-05-01,9,2,399.99,0.0,0.0,Cancelled
504024,10194,2025-05-01,16,1,24.99,0.0,24.99,Completed
501107,10424,2025-05-01,14,2,14.99,0.0,29.98,Completed
501406,10104,2025-05-01,9,1,399.99,0.0,399.99,Completed
500322,10144,2025-05-01,10,1,179.99,0.0,179.99,Completed
503627,10650,2025-05-01,16,1,24.99,0.05,23.74,Completed
500758,10795,2025-05-02,2,2,29.99,0.05,56.98,Completed
504995,10854,2025-05-02,26,2,22.99,0.1,41.38,Completed
502413,10584,2025-05-02,2,1,29.99,0.05,28.49,Completed
500703,10894,2025-05-02,2,1,29.99,0.2,0.0,Returned
502696,10073,2025-05-02,12,1,109.99,0.1,98.99,Completed
503268,10304,2025-05-03,25,4,24.99,0.1,89.96,Completed
500390,10794,2025-05-03,22,1,29.99,0.0,29.99,Completed
500143,10415,2025-05-03,16,2,24.99,0.0,49.98,Completed
504916,10778,2025-05-03,22,2,29.99,0.15,50.98,Completed
504454,10414,2025-05-04,12,3,109.99,0.05,313.47,Completed
500094,10098,2025-05-04,7,2,39.99,0.0,79.98,Completed
504801,10003,2025-05-04,14,1,14.99,0.05,14.24,Completed
504800,10358,2025-05-04,16,1,24.99,0.1,22.49,Completed
502926,10547,2025-05-04,14,2,14.99,0.1,26.98,Completed
500461,10698,2025-05-05,7,1,39.99,0.0,39.99,Completed
500280,10918,2025-05-05,30,3,229.99,0.05,655.47,Completed
500400,10192,2025-05-05,12,1,109.99,0.15,93.49,Completed
502404,10683,2025-05-05,14,1,14.99,0.05,14.24,Completed
500483,10340,2025-05-05,27,1,59.99,0.0,59.99,Completed
502020,10633,2025-05-06,16,2,24.99,0.0,49.98,Completed
504291,10419,2025-05-06,17,1,69.99,0.05,66.49,Completed
504084,10786,2025-05-06,15,1,11.99,0.1,10.79,Completed
500580,10200,2025-05-06,12,3,109.99,0.0,329.97,Completed
504914,10073,2025-05-06,24,1,39.99,0.0,39.99,Completed
504648,10657,2025-05-06,5,1,149.99,0.15,127.49,Completed
500884,10621,2025-05-06,6,3,79.99,0.05,227.97,Completed
502160,10292,2025-05-06,29,4,199.99,0.2,639.97,Completed
504729,10992,2025-05-07,20,4,19.99,0.0,79.96,Completed
500554,10913,2025-05-07,5,4,149.99,0.0,599.96,Completed
504816,10442,2025-05-07,16,2,24.99,0.0,49.98,Completed
504525,10374,2025-05-07,6,2,79.99,0.0,0.0,Returned
501880,10067,2025-05-07,10,1,179.99,0.1,161.99,Completed
501964,10415,2025-05-07,10,1,179.99,0.0,0.0,Returned
504594,10552,2025-05-08,22,2,29.99,0.0,59.98,Completed
500826,10609,2025-05-08,22,3,29.99,0.05,85.47,Completed
501743,10260,2025-05-08,17,1,69.99,0.1,62.99,Completed
500291,10295,2025-05-08,21,1,12.99,0.0,12.99,Completed
500994,10884,2025-05-08,7,1,39.99,0.05,37.99,Completed
500335,10073,2025-05-09,23,3,44.99,0.0,134.97,Completed
504018,10542,2025-05-09,27,1,59.99,0.0,59.99,Completed
502035,10530,2025-05-09,3,1,89.99,0.0,89.99,Completed
502156,10042,2025-05-09,15,1,11.99,0.15,10.19,Completed
503747,10611,2025-05-09,12,1,109.99,0.0,109.99,Completed
504889,10071,2025-05-09,23,1,44.99,0.0,44.99,Completed
502263,10443,2025-05-09,24,1,39.99,0.05,0.0,Returned
502777,10507,2025-05-10,19,1,64.99,0.05,61.74,Completed
500521,10624,2025-05-10,11,1,279.99,0.05,265.99,Completed
502533,10668,2025-05-10,22,1,29.99,0.0,29.99,Completed
504853,10743,2025-05-10,15,1,11.99,0.05,11.39,Completed
502756,10185,2025-05-10,25,1,24.99,0.0,24.99,Completed
501046,10050,2025-05-10,2,2,29.99,0.15,50.98,Completed
500266,10452,2025-05-10,21,3,12.99,0.1,35.07,Completed
503736,10350,2025-05-10,7,1,39.99,0.0,39.99,Completed
500103,10719,2025-05-10,19,2,64.99,0.1,116.98,Completed
504196,10082,2025-05-10,26,2,22.99,0.0,45.98,Completed
501402,10947,2025-05-10,8,1,249.99,0.0,249.99,Completed
504140,10112,2025-05-11,20,5,19.99,0.15,84.96,Completed
504691,10057,2025-05-11,4,1,59.99,0.0,59.99,Completed
503567,10176,2025-05-11,21,4,12.99,0.0,51.96,Completed
501654,10041,2025-05-11,19,1,64.99,0.15,55.24,Completed
502499,10619,2025-05-11,16,2,24.99,0.0,49.98,Completed
502653,10053,2025-05-12,4,2,59.99,0.05,113.98,Completed
500437,10390,2025-05-12,1,1,49.99,0.15,42.49,Completed
504424,10370,2025-05-12,7,1,39.99,0.1,35.99,Completed
500996,10675,2025-05-12,30,2,229.99,0.05,436.98,Completed
502202,10202,2025-05-12,27,1,59.99,0.05,56.99,Completed
501798,10761,2025-05-12,17,5,69.99,0.0,349.95,Completed
502644,10472,2025-05-12,20,3,19.99,0.0,59.97,Completed
500690,10578,2025-05-12,3,2,89.99,0.0,179.98,Completed
502082,10978,2025-05-12,20,1,19.99,0.0,19.99,Completed
500060,10610,2025-05-12,21,2,12.99,0.15,22.08,Completed
503896,10804,2025-05-13,13,1,179.99,0.0,179.99,Completed
500469,10346,2025-05-13,21,1,12.99,0.05,12.34,Completed
500857,10562,2025-05-13,1,1,49.99,0.0,49.99,Completed
503280,10536,2025-05-13,20,1,19.99,0.05,18.99,Completed
500814,10530,2025-05-13,24,1,39.99,0.0,39.99,Completed
500597,10883,2025-05-14,21,4,12.99,0.0,0.0,Returned
500075,10402,2025-05-14,16,2,24.99,0.0,0.0,Returned
504762,10887,2025-05-14,10,2,179.99,0.0,0.0,Returned
503397,10962,2025-05-14,25,4,24.99,0.0,99.96,Completed
503000,10604,2025-05-14,16,2,24.99,0.0,49.98,Completed
500920,10632,2025-05-15,15,3,11.99,0.0,35.97,Completed
502484,10395,2025-05-15,19,1,64.99,0.0,64.99,Completed
504644,10140,2025-05-15,19,1,64.99,0.0,64.99,Completed
503215,10937,2025-05-15,22,1,29.99,0.0,29.99,Completed
500355,10522,2025-05-16,20,2,19.99,0.2,31.98,Completed
504683,10597,2025-05-16,20,2,19.99,0.1,0.0,Cancelled
502554,10612,2025-05-16,15,1,11.99,0.05,11.39,Completed
500717,10514,2025-05-16,22,1,29.99,0.0,29.99,Completed
502760,10684,2025-05-16,3,1,89.99,0.05,85.49,Completed
502032,10658,2025-05-16,6,1,79.99,0.0,79.99,Completed
500112,10633,2025-05-16,26,3,22.99,0.05,0.0,Returned
502089,10191,2025-05-16,25,1,24.99,0.05,23.74,Completed
500688,10668,2025-05-16,19,1,64.99,0.0,64.99,Completed
501212,10116,2025-05-17,22,2,29.99,0.1,0.0,Returned
504316,10602,2025-05-17,16,1,24.99,0.0,24.99,Completed
504755,10743,2025-05-17,17,2,69.99,0.15,118.98,Completed
503394,10922,2025-05-17,25,2,24.99,0.0,49.98,Completed
500744,10795,2025-05-17,4,1,59.99,0.1,53.99,Completed
500446,10449,2025-05-17,26,1,22.99,0.0,22.99,Completed
500215,10603,2025-05-17,15,1,11.99,0.05,11.39,Completed
502530,10514,2025-05-17,14,1,14.99,0.1,0.0,Returned
501531,10723,2025-05-17,14,1,14.99,0.0,14.99,Completed
503186,10638,2025-05-17,18,1,34.99,0.0,34.99,Completed
501794,10251,2025-05-17,19,2,64.99,0.1,116.98,Completed
503177,10530,2025-05-18,23,2,44.99,0.05,85.48,Completed
504362,10313,2025-05-18,26,1,22.99,0.15,0.0,Cancelled
504547,10895,2025-05-18,22,4,29.99,0.0,119.96,Completed
501661,10246,2025-05-18,20,3,19.99,0.05,56.97,Completed
502800,10151,2025-05-18,24,1,39.99,0.1,35.99,Completed
503647,10298,2025-05-18,30,1,229.99,0.15,195.49,Completed
502106,10279,2025-05-19,4,1,59.99,0.05,56.99,Completed
503645,10886,2025-05-19,17,3,69.99,0.0,209.97,Completed
500089,10171,2025-05-20,4,1,59.99,0.0,59.99,Completed
502549,10135,2025-05-20,23,1,44.99,0.1,40.49,Completed
502279,10402,2025-05-20,22,3,29.99,0.0,89.97,Completed
502139,10157,2025-05-20,10,2,179.99,0.0,359.98,Completed
502745,10565,2025-05-20,11,1,279.99,0.05,265.99,Completed
503671,10044,2025-05-20,21,1,12.99,0.0,0.0,Cancelled
504630,10230,2025-05-20,11,1,279.99,0.0,279.99,Completed
502571,10648,2025-05-20,24,5,39.99,0.0,199.95,Completed
504878,10009,2025-05-20,27,1,59.99,0.05,56.99,Completed
500823,10304,2025-05-20,13,5,179.99,0.0,899.95,Completed
500083,10360,2025-05-21,18,1,34.99,0.0,34.99,Completed
502659,10257,2025-05-21,10,2,179.99,0.0,359.98,Completed
501565,10668,2025-05-21,25,1,24.99,0.0,24.99,Completed
500537,10864,2025-05-22,26,2,22.99,0.0,45.98,Completed
503163,10192,2025-05-22,7,1,39.99,0.0,39.99,Completed
502642,10673,2025-05-22,29,2,199.99,0.0,399.98,Completed
500459,10377,2025-05-22,6,1,79.99,0.0,79.99,Completed
500130,10895,2025-05-22,21,1,12.99,0.05,12.34,Completed
502768,10481,2025-05-22,8,2,249.99,0.1,449.98,Completed
503916,10683,2025-05-22,22,2,29.99,0.05,56.98,Completed
501738,10917,2025-05-22,17,1,69.99,0.1,62.99,Completed
501815,10104,2025-05-23,4,4,59.99,0.0,239.96,Completed
500529,10163,2025-05-23,24,3,39.99,0.05,113.97,Completed
501657,10629,2025-05-23,12,1,109.99,0.0,109.99,Completed
501163,10605,2025-05-23,10,1,179.99,0.0,179.99,Completed
503391,10228,2025-05-23,29,1,199.99,0.0,199.99,Completed
503813,10994,2025-05-23,26,1,22.99,0.05,21.84,Completed
502021,10380,2025-05-23,17,2,69.99,0.0,139.98,Completed
503350,10858,2025-05-24,20,1,19.99,0.0,0.0,Cancelled
503002,10956,2025-05-24,22,1,29.99,0.0,29.99,Completed
501471,10307,2025-05-24,5,2,149.99,0.0,299.98,Completed
503978,10423,2025-05-24,14,1,14.99,0.0,14.99,Completed
504244,10729,2025-05-24,27,3,59.99,0.0,179.97,Completed
502109,10492,2025-05-25,24,1,39.99,0.05,37.99,Completed
501740,10698,2025-05-25,2,4,29.99,0.05,113.96,Completed
504096,10372,2025-05-25,10,1,179.99,0.1,161.99,Completed
502163,10439,2025-05-25,11,2,279.99,0.1,503.98,Completed
502921,10677,2025-05-25,14,2,14.99,0.05,28.48,Completed
504966,10794,2025-05-25,15,2,11.99,0.05,22.78,Completed
502843,10426,2025-05-26,5,1,149.99,0.05,142.49,Completed
504789,10973,2025-05-26,16,3,24.99,0.0,74.97,Completed
501008,10831,2025-05-26,8,1,249.99,0.0,249.99,Completed
503256,10557,2025-05-26,5,1,149.99,0.05,142.49,Completed
504748,10207,2025-05-26,23,1,44.99,0.1,40.49,Completed
501157,10978,2025-05-26,15,2,11.99,0.0,23.98,Completed
503290,10323,2025-05-26,13,1,179.99,0.0,179.99,Completed
501487,10164,2025-05-27,13,2,179.99,0.0,359.98,Completed
504865,10896,2025-05-27,17,1,69.99,0.0,0.0,Returned
500115,10017,2025-05-27,4,1,59.99,0.0,59.99,Completed
500777,10370,2025-05-27,26,1,22.99,0.0,22.99,Completed
503731,10289,2025-05-27,18,1,34.99,0.0,34.99,Completed
502621,10683,2025-05-27,17,2,69.99,0.0,139.98,Completed
504649,10414,2025-05-27,25,3,24.99,0.0,0.0,Returned
500107,10851,2025-05-27,15,1,11.99,0.0,11.99,Completed
503527,10573,2025-05-28,15,4,11.99,0.05,45.56,Completed
501953,10632,2025-05-28,27,5,59.99,0.05,284.95,Completed
501127,10368,2025-05-28,21,2,12.99,0.0,25.98,Completed
503393,10143,2025-05-28,30,3,229.99,0.05,655.47,Completed
502258,10677,2025-05-28,4,2,59.99,0.15,101.98,Completed
502264,10305,2025-05-28,12,3,109.99,0.0,329.97,Completed
502380,10745,2025-05-29,21,1,12.99,0.15,11.04,Completed
502348,10295,2025-05-29,20,3,19.99,0.05,56.97,Completed
501810,10481,2025-05-29,19,1,64.99,0.15,55.24,Completed
500959,10594,2025-05-29,5,1,149.99,0.1,134.99,Completed
504389,10462,2025-05-30,12,1,109.99,0.0,109.99,Completed
502669,10451,2025-05-30,23,1,44.99,0.0,44.99,Completed
500109,10687,2025-05-30,12,2,109.99,0.0,219.98,Completed
500494,10655,2025-05-30,15,2,11.99,0.0,23.98,Completed
503921,10292,2025-05-30,3,4,89.99,0.0,359.96,Completed
501223,10451,2025-05-30,6,1,79.99,0.1,71.99,Completed
501838,10793,2025-05-30,25,1,24.99,0.0,24.99,Completed
501379,10565,2025-05-31,28,2,129.99,0.05,246.98,Completed
501892,10213,2025-05-31,28,3,129.99,0.05,370.47,Completed
504868,10950,2025-05-31,18,4,34.99,0.1,125.96,Completed
501626,10373,2025-05-31,28,3,129.99,0.1,350.97,Completed
500970,10667,2025-06-01,19,2,64.99,0.1,116.98,Completed
503195,10489,2025-06-01,12,1,109.99,0.05,104.49,Completed
500320,10131,2025-06-01,21,5,12.99,0.0,64.95,Completed
502847,10186,2025-06-01,11,2,279.99,0.0,559.98,Completed
504867,10078,2025-06-01,22,1,29.99,0.0,29.99,Completed
500608,10222,2025-06-01,26,4,22.99,0.1,82.76,Completed
500246,10499,2025-06-01,6,2,79.99,0.05,151.98,Completed
500586,10657,2025-06-02,23,1,44.99,0.15,38.24,Completed
500649,10102,2025-06-02,2,1,29.99,0.05,28.49,Completed
500095,10179,2025-06-02,25,2,24.99,0.1,44.98,Completed
501966,10287,2025-06-02,11,3,279.99,0.05,797.97,Completed
501820,10015,2025-06-02,26,1,22.99,0.0,0.0,Cancelled
503784,10798,2025-06-03,8,1,249.99,0.15,212.49,Completed
503695,10225,2025-06-03,21,4,12.99,0.0,51.96,Completed
502326,10160,2025-06-03,15,1,11.99,0.0,11.99,Completed
504005,10369,2025-06-03,21,1,12.99,0.0,12.99,Completed
504320,10348,2025-06-03,25,2,24.99,0.0,0.0,Returned
503226,10358,2025-06-03,3,1,89.99,0.0,89.99,Completed
500254,10926,2025-06-03,14,2,14.99,0.0,29.98,Completed
500122,10930,2025-06-03,21,1,12.99,0.05,12.34,Completed
501244,10726,2025-06-03,6,1,79.99,0.05,75.99,Completed
503416,10358,2025-06-03,14,1,14.99,0.0,14.99,Completed
503750,10593,2025-06-03,19,1,64.99,0.15,55.24,Completed
500830,10527,2025-06-04,6,1,79.99,0.0,79.99,Completed
501467,10426,2025-06-04,16,1,24.99,0.0,24.99,Completed
502487,10958,2025-06-04,21,2,12.99,0.0,25.98,Completed
504112,10458,2025-06-04,14,1,14.99,0.15,12.74,Completed
500497,10562,2025-06-04,14,3,14.99,0.05,42.72,Completed
503897,10740,2025-06-04,24,2,39.99,0.0,79.98,Completed
501423,10470,2025-06-04,21,1,12.99,0.1,11.69,Completed
502945,10248,2025-06-04,24,1,39.99,0.0,39.99,Completed
504795,10469,2025-06-04,11,3,279.99,0.05,797.97,Completed
502835,10220,2025-06-04,30,2,229.99,0.15,390.98,Completed
500524,10912,2025-06-04,22,2,29.99,0.0,59.98,Completed
503711,10340,2025-06-05,25,1,24.99,0.0,24.99,Completed
500605,10662,2025-06-05,12,1,109.99,0.0,109.99,Completed
504195,10125,2025-06-05,4,2,59.99,0.0,119.98,Completed
501459,10830,2025-06-05,17,1,69.99,0.1,62.99,Completed
504075,10720,2025-06-05,9,2,399.99,0.0,799.98,Completed
501248,10937,2025-06-05,21,4,12.99,0.0,0.0,Cancelled
504989,10213,2025-06-05,7,1,39.99,0.0,39.99,Completed
501575,10795,2025-06-05,2,3,29.99,0.0,89.97,Completed
501220,10242,2025-06-05,16,3,24.99,0.0,74.97,Completed
503057,10662,2025-06-05,14,2,14.99,0.0,29.98,Completed
501723,10986,2025-06-05,26,2,22.99,0.1,41.38,Completed
503749,10196,2025-06-05,25,1,24.99,0.0,24.99,Completed
501990,10962,2025-06-06,27,5,59.99,0.0,299.95,Completed
502711,10350,2025-06-06,19,1,64.99,0.0,64.99,Completed
502392,10227,2025-06-06,5,3,149.99,0.05,427.47,Completed
501894,10920,2025-06-06,2,2,29.99,0.05,56.98,Completed
500055,10286,2025-06-06,17,1,69.99,0.0,69.99,Completed
501188,10028,2025-06-06,21,1,12.99,0.0,12.99,Completed
500015,10365,2025-06-06,24,3,39.99,0.05,113.97,Completed
504588,10535,2025-06-06,21,1,12.99,0.05,12.34,Completed
502596,10083,2025-06-06,15,3,11.99,0.0,35.97,Completed
500202,10967,2025-06-06,30,2,229.99,0.0,459.98,Completed
501424,10512,2025-06-07,3,1,89.99,0.15,76.49,Completed
502518,10266,2025-06-07,28,3,129.99,0.0,389.97,Completed
502722,10515,2025-06-07,21,2,12.99,0.15,22.08,Completed
502436,10238,2025-06-07,28,1,129.99,0.05,123.49,Completed
501170,10620,2025-06-07,18,1,34.99,0.05,33.24,Completed
500177,10766,2025-06-07,27,1,59.99,0.0,59.99,Completed
501882,10686,2025-06-08,15,3,11.99,0.0,35.97,Completed
502056,10194,2025-06-08,4,1,59.99,0.05,56.99,Completed
501335,10138,2025-06-08,30,1,229.99,0.0,229.99,Completed
503832,10986,2025-06-08,4,1,59.99,0.0,59.99,Completed
500513,10058,2025-06-08,3,1,89.99,0.0,89.99,Completed
501256,10295,2025-06-09,7,1,39.99,0.1,35.99,Completed
501211,10622,2025-06-09,2,1,29.99,0.05,0.0,Returned
503975,10449,2025-06-10,2,3,29.99,0.05,85.47,Completed
503332,10876,2025-06-10,23,1,44.99,0.05,42.74,Completed
502782,10700,2025-06-10,9,1,399.99,0.0,399.99,Completed
502660,10728,2025-06-10,16,3,24.99,0.0,74.97,Completed
500989,10379,2025-06-10,14,1,14.99,0.0,14.99,Completed
503782,10968,2025-06-10,15,1,11.99,0.1,10.79,Completed
504222,10858,2025-06-11,17,1,69.99,0.1,62.99,Completed
500755,10008,2025-06-11,20,5,19.99,0.0,99.95,Completed
500379,10520,2025-06-11,21,2,12.99,0.15,22.08,Completed
500467,10942,2025-06-11,3,2,89.99,0.0,179.98,Completed
502674,10722,2025-06-11,2,2,29.99,0.0,59.98,Completed
504753,10535,2025-06-11,30,1,229.99,0.05,0.0,Returned
502433,10817,2025-06-11,3,3,89.99,0.05,0.0,Returned
504771,10386,2025-06-11,16,1,24.99,0.0,24.99,Completed
500883,10663,2025-06-11,7,2,39.99,0.0,79.98,Completed
501545,10274,2025-06-11,26,2,22.99,0.1,41.38,Completed
500132,10294,2025-06-11,28,1,129.99,0.1,116.99,Completed
503172,10073,2025-06-11,7,1,39.99,0.2,31.99,Completed
501051,10918,2025-06-12,18,1,34.99,0.2,27.99,Completed
501699,10331,2025-06-12,15,1,11.99,0.05,11.39,Completed
501675,10358,2025-06-12,20,4,19.99,0.0,79.96,Completed
500139,10834,2025-06-12,12,1,109.99,0.05,104.49,Completed
504803,10292,2025-06-12,16,1,24.99,0.0,24.99,Completed
501827,10812,2025-06-12,20,2,19.99,0.15,33.98,Completed
501201,10427,2025-06-12,13,2,179.99,0.0,359.98,Completed
501730,10551,2025-06-13,24,1,39.99,0.0,39.99,Completed
500298,10710,2025-06-13,23,1,44.99,0.0,0.0,Cancelled
500153,10253,2025-06-13,11,1,279.99,0.0,279.99,Completed
501628,10019,2025-06-13,4,4,59.99,0.0,239.96,Completed
500774,10179,2025-06-13,5,2,149.99,0.0,299.98,Completed
501313,10729,2025-06-13,27,2,59.99,0.0,119.98,Completed
503373,10895,2025-06-13,15,3,11.99,0.0,35.97,Completed
501346,10445,2025-06-13,20,1,19.99,0.1,17.99,Completed
502697,10745,2025-06-13,12,1,109.99,0.0,109.99,Completed
503825,10136,2025-06-14,26,1,22.99,0.0,22.99,Completed
501068,10475,2025-06-14,20,1,19.99,0.1,17.99,Completed
503345,10631,2025-06-14,5,2,149.99,0.05,284.98,Completed
502701,10086,2025-06-14,11,2,279.99,0.05,531.98,Completed
500450,10595,2025-06-14,2,1,29.99,0.0,29.99,Completed
503175,10855,2025-06-14,18,1,34.99,0.0,34.99,Completed
503641,10262,2025-06-15,28,1,129.99,0.0,129.99,Completed
504041,10968,2025-06-15,25,2,24.99,0.0,49.98,Completed
502317,10527,2025-06-15,9,1,399.99,0.0,399.99,Completed
500838,10812,2025-06-15,1,3,49.99,0.15,127.47,Completed
501908,10494,2025-06-15,2,1,29.99,0.0,29.99,Completed
502604,10328,2025-06-16,16,1,24.99,0.05,23.74,Completed
504619,10648,2025-06-16,7,3,39.99,0.05,113.97,Completed
501616,10624,2025-06-16,25,1,24.99,0.05,23.74,Completed
504402,10677,2025-06-16,26,2,22.99,0.0,45.98,Completed
502073,10855,2025-06-16,11,1,279.99,0.1,251.99,Completed
500422,10858,2025-06-16,17,1,69.99,0.0,69.99,Completed
504620,10550,2025-06-16,8,1,249.99,0.0,249.99,Completed
502239,10826,2025-06-17,22,2,29.99,0.0,59.98,Completed
500852,10605,2025-06-17,20,1,19.99,0.2,15.99,Completed
502443,10781,2025-06-17,2,1,29.99,0.1,26.99,Completed
502222,10861,2025-06-17,11,4,279.99,0.0,1119.96,Completed
503599,10037,2025-06-17,7,3,39.99,0.1,107.97,Completed
501865,10116,2025-06-17,15,1,11.99,0.05,11.39,Completed
503735,10600,2025-06-18,7,1,39.99,0.05,37.99,Completed
501194,10837,2025-06-18,12,2,109.99,0.1,197.98,Completed
503318,10417,2025-06-18,14,1,14.99,0.0,14.99,Completed
500896,10111,2025-06-18,9,2,399.99,0.05,759.98,Completed
500927,10933,2025-06-18,21,1,12.99,0.15,11.04,Completed
504142,10715,2025-06-18,18,2,34.99,0.1,62.98,Completed
502147,10756,2025-06-19,29,1,199.99,0.05,189.99,Completed
502162,10570,2025-06-19,15,1,11.99,0.0,11.99,Completed
504377,10036,2025-06-19,23,1,44.99,0.0,44.99,Completed
502166,10706,2025-06-19,14,1,14.99,0.0,14.99,Completed
500844,10087,2025-06-19,18,1,34.99,0.0,34.99,Completed
503299,10590,2025-06-19,5,1,149.99,0.05,142.49,Completed
501836,10550,2025-06-19,21,1,12.99,0.1,11.69,Completed
500327,10932,2025-06-20,18,1,34.99,0.0,0.0,Returned
502351,10420,2025-06-20,12,3,109.99,0.05,313.47,Completed
500435,10486,2025-06-20,16,2,24.99,0.0,49.98,Completed
501012,10440,2025-06-20,25,1,24.99,0.05,23.74,Completed
501099,10465,2025-06-20,7,2,39.99,0.0,79.98,Completed
502614,10720,2025-06-20,15,1,11.99,0.05,11.39,Completed
502124,10503,2025-06-20,25,4,24.99,0.05,94.96,Completed
503301,10361,2025-06-20,21,1,12.99,0.2,10.39,Completed
504087,10262,2025-06-20,1,2,49.99,0.1,89.98,Completed
502194,10645,2025-06-21,21,3,12.99,0.0,38.97,Completed
500888,10845,2025-06-21,6,1,79.99,0.05,0.0,Returned
502471,10219,2025-06-21,1,1,49.99,0.15,42.49,Completed
500343,10876,2025-06-21,3,5,89.99,0.1,404.96,Completed
504285,10662,2025-06-21,18,1,34.99,0.05,33.24,Completed
503562,10215,2025-06-21,4,2,59.99,0.15,101.98,Completed
502435,10155,2025-06-21,17,2,69.99,0.1,125.98,Completed
504263,10672,2025-06-21,20,1,19.99,0.0,19.99,Completed
503827,10483,2025-06-21,20,3,19.99,0.0,59.97,Completed
503353,10630,2025-06-21,28,2,129.99,0.0,259.98,Completed
500617,10758,2025-06-21,3,1,89.99,0.15,76.49,Completed
501069,10655,2025-06-21,28,2,129.99,0.0,259.98,Completed
501119,10986,2025-06-21,4,1,59.99,0.0,59.99,Completed
500064,10036,2025-06-21,8,1,249.99,0.05,237.49,Completed
501522,10808,2025-06-22,23,3,44.99,0.15,114.72,Completed
504499,10458,2025-06-22,21,4,12.99,0.05,49.36,Completed
504309,10156,2025-06-22,10,1,179.99,0.05,170.99,Completed
502601,10865,2025-06-22,19,4,64.99,0.05,246.96,Completed
502959,10727,2025-06-22,24,2,39.99,0.15,67.98,Completed
500380,10179,2025-06-23,20,2,19.99,0.05,37.98,Completed
503935,10710,2025-06-23,26,1,22.99,0.0,22.99,Completed
502565,10274,2025-06-23,9,2,399.99,0.05,759.98,Completed
502167,10624,2025-06-23,30,1,229.99,0.15,195.49,Completed
503734,10200,2025-06-23,23,1,44.99,0.0,0.0,Cancelled
500361,10711,2025-06-23,12,1,109.99,0.1,98.99,Completed
503660,10946,2025-06-23,6,4,79.99,0.05,303.96,Completed
500061,10578,2025-06-23,15,1,11.99,0.2,9.59,Completed
500183,10346,2025-06-24,6,1,79.99,0.0,79.99,Completed
502113,10118,2025-06-24,8,1,249.99,0.0,249.99,Completed
503570,10245,2025-06-24,5,1,149.99,0.1,134.99,Completed
504679,10652,2025-06-24,19,1,64.99,0.05,61.74,Completed
504899,10534,2025-06-24,26,1,22.99,0.0,22.99,Completed
503709,10226,2025-06-24,16,1,24.99,0.1,22.49,Completed
502677,10836,2025-06-24,24,4,39.99,0.05,151.96,Completed
502787,10347,2025-06-24,21,1,12.99,0.0,12.99,Completed
502547,10063,2025-06-24,26,1,22.99,0.05,21.84,Completed
500066,10717,2025-06-24,24,1,39.99,0.1,35.99,Completed
502273,10498,2025-06-24,26,1,22.99,0.1,20.69,Completed
501323,10880,2025-06-25,22,2,29.99,0.0,59.98,Completed
503755,10943,2025-06-25,22,1,29.99,0.1,26.99,Completed
500587,10880,2025-06-25,21,1,12.99,0.05,12.34,Completed
500145,10130,2025-06-25,5,1,149.99,0.1,0.0,Returned
502407,10612,2025-06-25,1,2,49.99,0.05,94.98,Completed
504970,10944,2025-06-25,18,1,34.99,0.0,34.99,Completed
500487,10534,2025-06-25,14,1,14.99,0.0,14.99,Completed
500174,10239,2025-06-25,8,1,249.99,0.05,237.49,Completed
502338,10148,2025-06-25,24,5,39.99,0.0,199.95,Completed
502545,10783,2025-06-26,19,2,64.99,0.0,129.98,Completed
502749,10383,2025-06-26,24,1,39.99,0.0,39.99,Completed
503330,10906,2025-06-26,9,1,399.99,0.15,339.99,Completed
501901,10242,2025-06-26,5,3,149.99,0.0,449.97,Completed
504371,10833,2025-06-26,23,2,44.99,0.0,89.98,Completed
504585,10858,2025-06-26,13,1,179.99,0.1,161.99,Completed
504504,10524,2025-06-26,22,4,29.99,0.0,119.96,Completed
500861,10083,2025-06-26,16,2,24.99,0.1,44.98,Completed
500786,10303,2025-06-27,4,3,59.99,0.2,143.98,Completed
501377,10693,2025-06-27,29,1,199.99,0.05,189.99,Completed
500126,10787,2025-06-27,21,4,12.99,0.0,0.0,Returned
501300,10619,2025-06-27,26,1,22.99,0.0,22.99,Completed
504831,10729,2025-06-27,8,3,249.99,0.0,749.97,Completed
503775,10858,2025-06-27,18,3,34.99,0.0,104.97,Completed
504840,10298,2025-06-28,22,1,29.99,0.0,29.99,Completed
503947,10936,2025-06-28,7,1,39.99,0.2,31.99,Completed
501442,10636,2025-06-28,5,2,149.99,0.2,239.98,Completed
503120,10956,2025-06-28,12,1,109.99,0.0,109.99,Completed
503724,10100,2025-06-28,1,1,49.99,0.0,49.99,Completed
503656,10391,2025-06-28,29,1,199.99,0.05,189.99,Completed
504885,10807,2025-06-28,15,2,11.99,0.0,23.98,Completed
503035,10608,2025-06-29,21,1,12.99,0.0,12.99,Completed
500475,10170,2025-06-29,24,4,39.99,0.05,151.96,Completed
503335,10725,2025-06-29,20,3,19.99,0.0,59.97,Completed
502706,10809,2025-06-29,5,1,149.99,0.0,149.99,Completed
500709,10644,2025-06-29,7,1,39.99,0.1,35.99,Completed
500606,10840,2025-06-29,19,4,64.99,0.1,0.0,Cancelled
501218,10489,2025-06-29,15,1,11.99,0.0,11.99,Completed
501566,10440,2025-06-29,5,2,149.99,0.05,284.98,Completed
500953,10673,2025-06-29,16,3,24.99,0.0,0.0,Returned
501345,10729,2025-06-29,14,1,14.99,0.1,13.49,Completed
503721,10083,2025-06-29,12,1,109.99,0.05,104.49,Completed
502210,10624,2025-06-30,18,1,34.99,0.0,34.99,Completed
501890,10932,2025-06-30,28,2,129.99,0.1,233.98,Completed
503661,10855,2025-06-30,22,5,29.99,0.0,149.95,Completed
501209,10465,2025-06-30,24,2,39.99,0.0,79.98,Completed
504534,10268,2025-06-30,27,1,59.99,0.0,59.99,Completed
502165,10716,2025-06-30,7,1,39.99,0.05,37.99,Completed
500070,10234,2025-06-30,7,2,39.99,0.05,0.0,Cancelled
501747,10055,2025-06-30,8,2,249.99,0.0,499.98,Completed
500581,10222,2025-06-30,29,1,199.99,0.05,189.99,Completed
500949,10202,2025-06-30,22,1,29.99,0.15,0.0,Cancelled
501681,10524,2025-07-01,2,5,29.99,0.0,149.95,Completed
503697,10788,2025-07-01,1,1,49.99,0.2,39.99,Completed
500934,10884,2025-07-01,5,1,149.99,0.0,149.99,Completed
503487,10795,2025-07-01,17,2,69.99,0.0,139.98,Completed
500607,10544,2025-07-01,26,4,22.99,0.0,91.96,Completed
500535,10530,2025-07-02,24,2,39.99,0.1,71.98,Completed
504532,10764,2025-07-02,26,2,22.99,0.0,45.98,Completed
503148,10584,2025-07-02,6,1,79.99,0.1,71.99,Completed
502093,10820,2025-07-02,26,3,22.99,0.05,65.52,Completed
503626,10720,2025-07-02,8,2,249.99,0.1,449.98,Completed
504201,10987,2025-07-02,30,4,229.99,0.0,919.96,Completed
504344,10079,2025-07-03,12,2,109.99,0.0,219.98,Completed
503179,10191,2025-07-03,15,1,11.99,0.1,10.79,Completed
504321,10189,2025-07-03,20,1,19.99,0.15,16.99,Completed
504056,10611,2025-07-03,27,1,59.99,0.0,59.99,Completed
501971,10160,2025-07-03,16,1,24.99,0.0,24.99,Completed
503862,10662,2025-07-03,20,1,19.99,0.1,17.99,Completed
500442,10975,2025-07-03,14,1,14.99,0.0,14.99,Completed
504897,10387,2025-07-03,7,3,39.99,0.0,119.97,Completed
500720,10169,2025-07-03,14,3,14.99,0.0,44.97,Completed
503069,10426,2025-07-04,4,1,59.99,0.05,56.99,Completed
503491,10950,2025-07-04,15,1,11.99,0.0,11.99,Completed
502452,10306,2025-07-04,16,3,24.99,0.0,74.97,Completed
500008,10662,2025-07-04,16,1,24.99,0.0,0.0,Cancelled
500140,10573,2025-07-04,15,2,11.99,0.0,23.98,Completed
502647,10763,2025-07-04,17,3,69.99,0.0,209.97,Completed
503927,10452,2025-07-04,22,2,29.99,0.0,59.98,Completed
501680,10137,2025-07-04,25,1,24.99,0.0,24.99,Completed
501877,10901,2025-07-04,13,1,179.99,0.1,161.99,Completed
501913,10165,2025-07-04,2,2,29.99,0.0,0.0,Returned
500484,10795,2025-07-04,20,1,19.99,0.05,18.99,Completed
501996,10073,2025-07-04,12,2,109.99,0.1,197.98,Completed
502420,10832,2025-07-05,17,2,69.99,0.1,125.98,Completed
503276,10973,2025-07-05,2,2,29.99,0.0,59.98,Completed
501640,10864,2025-07-05,23,1,44.99,0.2,35.99,Completed
503003,10679,2025-07-05,28,1,129.99,0.05,123.49,Completed
500987,10886,2025-07-06,2,1,29.99,0.05,28.49,Completed
500657,10624,2025-07-06,19,1,64.99,0.0,64.99,Completed
504710,10972,2025-07-06,16,1,24.99,0.2,19.99,Completed
503673,10173,2025-07-06,17,4,69.99,0.0,279.96,Completed
504935,10717,2025-07-06,30,1,229.99,0.05,218.49,Completed
500599,10179,2025-07-07,15,1,11.99,0.1,10.79,Completed
500234,10942,2025-07-07,20,1,19.99,0.0,19.99,Completed
501045,10095,2025-07-07,21,2,12.99,0.1,23.38,Completed
501664,10951,2025-07-07,9,1,399.99,0.05,379.99,Completed
502536,10688,2025-07-07,13,1,179.99,0.1,161.99,Completed
502118,10109,2025-07-07,24,2,39.99,0.0,79.98,Completed
500859,10937,2025-07-07,7,1,39.99,0.05,37.99,Completed
503582,10501,2025-07-07,3,1,89.99,0.0,89.99,Completed
503802,10975,2025-07-07,15,3,11.99,0.0,35.97,Completed
502844,10539,2025-07-08,24,1,39.99,0.0,39.99,Completed
500301,10264,2025-07-08,22,1,29.99,0.0,29.99,Completed
503464,10785,2025-07-08,17,1,69.99,0.1,62.99,Completed
504364,10830,2025-07-08,26,2,22.99,0.05,43.68,Completed
501608,10363,2025-07-08,18,1,34.99,0.0,34.99,Completed
504530,10325,2025-07-08,19,1,64.99,0.0,64.99,Completed
504470,10879,2025-07-08,27,2,59.99,0.1,107.98,Completed
502399,10388,2025-07-09,20,1,19.99,0.15,16.99,Completed
501272,10574,2025-07-09,24,1,39.99,0.05,37.99,Completed
501134,10832,2025-07-09,19,1,64.99,0.0,64.99,Completed
501274,10045,2025-07-09,9,3,399.99,0.05,1139.97,Completed
501162,10795,2025-07-09,15,1,11.99,0.1,10.79,Completed
501804,10818,2025-07-09,16,1,24.99,0.1,22.49,Completed
502880,10893,2025-07-09,2,1,29.99,0.0,29.99,Completed
502563,10823,2025-07-09,22,2,29.99,0.15,50.98,Completed
501049,10551,2025-07-10,2,2,29.99,0.15,50.98,Completed
500346,10819,2025-07-10,25,4,24.99,0.2,79.97,Completed
504617,10436,2025-07-10,4,1,59.99,0.0,59.99,Completed
500261,10393,2025-07-10,25,3,24.99,0.0,74.97,Completed
501915,10191,2025-07-10,15,1,11.99,0.1,10.79,Completed
503608,10898,2025-07-10,29,1,199.99,0.15,169.99,Completed
502331,10860,2025-07-10,22,3,29.99,0.05,85.47,Completed
503864,10264,2025-07-10,25,1,24.99,0.1,22.49,Completed
503999,10155,2025-07-11,4,1,59.99,0.0,59.99,Completed
504704,10920,2025-07-11,9,4,399.99,0.1,1439.96,Completed
504512,10064,2025-07-11,12,1,109.99,0.0,109.99,Completed
503786,10419,2025-07-11,30,2,229.99,0.05,436.98,Completed
500384,10975,2025-07-11,27,1,59.99,0.1,53.99,Completed
502458,10283,2025-07-11,21,2,12.99,0.1,23.38,Completed
502398,10785,2025-07-11,17,2,69.99,0.0,139.98,Completed
503428,10831,2025-07-11,6,3,79.99,0.05,227.97,Completed
503984,10791,2025-07-11,23,5,44.99,0.05,213.7,Completed
504925,10998,2025-07-11,17,4,69.99,0.0,279.96,Completed
503244,10604,2025-07-11,18,2,34.99,0.1,62.98,Completed
501153,10697,2025-07-11,28,1,129.99,0.05,123.49,Completed
500134,10795,2025-07-12,16,1,24.99,0.05,23.74,Completed
500701,10242,2025-07-12,2,1,29.99,0.0,29.99,Completed
501968,10779,2025-07-12,26,1,22.99,0.1,20.69,Completed
502245,10390,2025-07-12,6,2,79.99,0.0,159.98,Completed
500084,10706,2025-07-12,25,2,24.99,0.05,47.48,Completed
501060,10996,2025-07-12,18,3,34.99,0.0,104.97,Completed
503758,10791,2025-07-13,24,1,39.99,0.1,35.99,Completed
500669,10255,2025-07-13,26,1,22.99,0.0,0.0,Returned
502623,10992,2025-07-13,3,1,89.99,0.0,89.99,Completed
504422,10149,2025-07-13,5,1,149.99,0.0,0.0,Cancelled
501178,10515,2025-07-13,20,2,19.99,0.15,33.98,Completed
504340,10955,2025-07-13,2,3,29.99,0.0,89.97,Completed
501511,10083,2025-07-13,20,1,19.99,0.0,19.99,Completed
503443,10756,2025-07-13,4,1,59.99,0.0,59.99,Completed
501977,10325,2025-07-13,20,2,19.99,0.1,35.98,Completed
502825,10292,2025-07-13,8,1,249.99,0.05,237.49,Completed
503698,10336,2025-07-13,8,1,249.99,0.0,249.99,Completed
503913,10979,2025-07-13,21,2,12.99,0.0,25.98,Completed
501131,10621,2025-07-14,18,4,34.99,0.0,139.96,Completed
502256,10744,2025-07-14,17,1,69.99,0.0,69.99,Completed
503601,10313,2025-07-14,20,2,19.99,0.05,37.98,Completed
504466,10044,2025-07-14,29,1,199.99,0.1,179.99,Completed
501504,10594,2025-07-14,18,2,34.99,0.0,69.98,Completed
501495,10638,2025-07-14,18,1,34.99,0.1,31.49,Completed
501098,10756,2025-07-14,11,1,279.99,0.0,279.99,Completed
504945,10780,2025-07-14,3,2,89.99,0.0,179.98,Completed
503028,10980,2025-07-14,2,1,29.99,0.0,29.99,Completed
503970,10080,2025-07-14,14,1,14.99,0.05,14.24,Completed
504604,10492,2025-07-15,6,1,79.99,0.05,75.99,Completed
502809,10116,2025-07-15,20,2,19.99,0.0,39.98,Completed
504472,10230,2025-07-15,24,1,39.99,0.05,37.99,Completed
503521,10882,2025-07-15,29,2,199.99,0.0,399.98,Completed
504912,10583,2025-07-15,8,1,249.99,0.15,212.49,Completed
500696,10298,2025-07-15,1,1,49.99,0.0,49.99,Completed
501283,10123,2025-07-16,12,2,109.99,0.0,219.98,Completed
500035,10505,2025-07-16,22,4,29.99,0.0,119.96,Completed
501813,10924,2025-07-16,25,5,24.99,0.05,118.7,Completed
502475,10992,2025-07-16,17,2,69.99,0.1,125.98,Completed
500351,10911,2025-07-16,20,1,19.99,0.1,17.99,Completed
504706,10602,2025-07-17,4,2,59.99,0.1,107.98,Completed
503992,10266,2025-07-17,14,1,14.99,0.0,14.99,Completed
504715,10021,2025-07-17,16,1,24.99,0.05,23.74,Completed
503495,10569,2025-07-17,14,1,14.99,0.0,14.99,Completed
501182,10620,2025-07-18,7,3,39.99,0.1,107.97,Completed
501974,10978,2025-07-18,14,1,14.99,0.0,14.99,Completed
501969,10950,2025-07-18,29,2,199.99,0.1,359.98,Completed
503605,10436,2025-07-18,22,2,29.99,0.0,59.98,Completed
502137,10080,2025-07-18,19,2,64.99,0.15,110.48,Completed
502385,10073,2025-07-18,21,1,12.99,0.15,11.04,Completed
500045,10662,2025-07-19,21,1,12.99,0.0,12.99,Completed
500629,10683,2025-07-19,4,2,59.99,0.05,113.98,Completed
504747,10981,2025-07-19,3,2,89.99,0.1,161.98,Completed
504607,10287,2025-07-19,21,1,12.99,0.1,11.69,Completed
504578,10420,2025-07-19,22,1,29.99,0.1,26.99,Completed
503573,10887,2025-07-19,24,1,39.99,0.1,35.99,Completed
504932,10787,2025-07-19,19,1,64.99,0.0,64.99,Completed
503094,10604,2025-07-20,8,4,249.99,0.05,949.96,Completed
501087,10551,2025-07-20,24,1,39.99,0.0,39.99,Completed
502737,10883,2025-07-20,19,5,64.99,0.0,324.95,Completed
502378,10552,2025-07-20,5,4,149.99,0.0,599.96,Completed
500218,10831,2025-07-20,15,3,11.99,0.0,0.0,Returned
500942,10513,2025-07-20,18,4,34.99,0.0,139.96,Completed
500936,10429,2025-07-20,23,2,44.99,0.0,89.98,Completed
504324,10987,2025-07-21,6,2,79.99,0.0,159.98,Completed
501444,10677,2025-07-21,7,1,39.99,0.0,39.99,Completed
500729,10018,2025-07-21,2,1,29.99,0.0,29.99,Completed
504398,10972,2025-07-21,6,4,79.99,0.0,319.96,Completed
503823,10164,2025-07-21,18,3,34.99,0.1,94.47,Completed
504413,10864,2025-07-21,15,1,11.99,0.15,0.0,Returned
503676,10950,2025-07-21,25,2,24.99,0.05,47.48,Completed
500874,10623,2025-07-21,10,1,179.99,0.0,179.99,Completed
504439,10773,2025-07-22,3,2,89.99,0.0,179.98,Completed
504028,10918,2025-07-22,14,1,14.99,0.05,14.24,Completed
504613,10698,2025-07-22,16,1,24.99,0.05,23.74,Completed
503005,10006,2025-07-22,26,2,22.99,0.1,41.38,Completed
504832,10751,2025-07-22,2,1,29.99,0.0,29.99,Completed
504224,10763,2025-07-22,30,1,229.99,0.0,229.99,Completed
500875,10156,2025-07-22,14,1,14.99,0.15,12.74,Completed
502318,10794,2025-07-23,6,3,79.99,0.05,227.97,Completed
504545,10155,2025-07-23,26,1,22.99,0.0,22.99,Completed
503940,10285,2025-07-23,20,2,19.99,0.1,35.98,Completed
503087,10915,2025-07-23,11,2,279.99,0.0,559.98,Completed
503657,10895,2025-07-23,28,1,129.99,0.0,129.99,Completed
501436,10448,2025-07-23,21,1,12.99,0.0,12.99,Completed
504434,10390,2025-07-24,18,2,34.99,0.05,66.48,Completed
504647,10573,2025-07-24,4,2,59.99,0.15,101.98,Completed
502170,10612,2025-07-24,6,1,79.99,0.0,0.0,Returned
500542,10095,2025-07-25,24,1,39.99,0.0,39.99,Completed
504497,10499,2025-07-26,1,4,49.99,0.0,199.96,Completed
503540,10066,2025-07-26,23,5,44.99,0.0,224.95,Completed
504725,10458,2025-07-26,21,2,12.99,0.15,0.0,Cancelled
504465,10432,2025-07-26,10,4,179.99,0.0,719.96,Completed
503366,10620,2025-07-26,17,1,69.99,0.05,66.49,Completed
503352,10019,2025-07-26,20,1,19.99,0.0,19.99,Completed
501468,10765,2025-07-26,30,2,229.99,0.0,459.98,Completed
504296,10131,2025-07-26,1,2,49.99,0.0,99.98,Completed
500967,10045,2025-07-26,12,1,109.99,0.0,109.99,Completed
504580,10160,2025-07-26,6,2,79.99,0.0,159.98,Completed
504395,10639,2025-07-27,15,1,11.99,0.05,11.39,Completed
501672,10777,2025-07-27,23,1,44.99,0.1,40.49,Completed
503096,10355,2025-07-27,15,1,11.99,0.0,11.99,Completed
500850,10067,2025-07-27,12,2,109.99,0.0,219.98,Completed
504225,10100,2025-07-27,30,1,229.99,0.15,195.49,Completed
503635,10973,2025-07-27,20,3,19.99,0.1,53.97,Completed
500990,10533,2025-07-27,2,2,29.99,0.0,59.98,Completed
501593,10972,2025-07-27,2,3,29.99,0.05,85.47,Completed
502291,10683,2025-07-27,19,2,64.99,0.0,129.98,Completed
500661,10958,2025-07-28,1,1,49.99,0.0,49.99,Completed
501123,10775,2025-07-28,29,2,199.99,0.1,359.98,Completed
504151,10035,2025-07-28,26,1,22.99,0.0,22.99,Completed
501599,10143,2025-07-28,28,1,129.99,0.05,123.49,Completed
504086,10585,2025-07-28,13,3,179.99,0.05,0.0,Cancelled
501671,10595,2025-07-28,11,2,279.99,0.0,559.98,Completed
502515,10603,2025-07-28,26,2,22.99,0.0,45.98,Completed
503166,10245,2025-07-29,2,3,29.99,0.1,80.97,Completed
501307,10120,2025-07-29,1,3,49.99,0.05,142.47,Completed
500086,10271,2025-07-29,2,3,29.99,0.0,89.97,Completed
502362,10527,2025-07-29,7,1,39.99,0.05,37.99,Completed
504903,10552,2025-07-29,22,5,29.99,0.15,127.46,Completed
501980,10662,2025-07-29,24,2,39.99,0.1,71.98,Completed
504173,10812,2025-07-30,10,1,179.99,0.1,161.99,Completed
504446,10333,2025-07-30,26,2,22.99,0.0,45.98,Completed
502218,10357,2025-07-30,23,2,44.99,0.05,0.0,Returned
500022,10237,2025-07-30,5,2,149.99,0.05,284.98,Completed
504428,10562,2025-07-30,6,1,79.99,0.0,79.99,Completed
502150,10387,2025-07-30,15,1,11.99,0.0,11.99,Completed
501395,10323,2025-07-30,14,1,14.99,0.0,14.99,Completed
501140,10263,2025-07-31,17,1,69.99,0.05,66.49,Completed
503937,10428,2025-07-31,24,1,39.99,0.0,39.99,Completed
502138,10415,2025-07-31,21,1,12.99,0.2,10.39,Completed
503639,10072,2025-07-31,29,1,199.99,0.05,189.99,Completed
501814,10551,2025-08-01,22,2,29.99,0.1,53.98,Completed
501899,10845,2025-08-01,24,1,39.99,0.1,35.99,Completed
500951,10950,2025-08-01,1,2,49.99,0.1,0.0,Returned
503144,10342,2025-08-01,21,2,12.99,0.1,23.38,Completed
504021,10156,2025-08-01,12,1,109.99,0.05,104.49,Completed
504997,10710,2025-08-01,29,1,199.99,0.0,199.99,Completed
502337,10778,2025-08-01,7,1,39.99,0.0,39.99,Completed
504294,10780,2025-08-02,14,1,14.99,0.05,0.0,Returned
500203,10271,2025-08-02,29,3,199.99,0.1,539.97,Completed
502177,10165,2025-08-02,17,1,69.99,0.0,69.99,Completed
502350,10052,2025-08-02,6,1,79.99,0.0,79.99,Completed
501564,10649,2025-08-02,14,1,14.99,0.1,13.49,Completed
504846,10679,2025-08-02,13,2,179.99,0.0,359.98,Completed
504143,10071,2025-08-02,4,1,59.99,0.05,56.99,Completed
502368,10961,2025-08-03,23,4,44.99,0.0,0.0,Returned
504722,10805,2025-08-03,17,1,69.99,0.05,66.49,Completed
502330,10663,2025-08-03,23,1,44.99,0.0,44.99,Completed
502022,10846,2025-08-03,7,2,39.99,0.05,75.98,Completed
501193,10045,2025-08-03,15,3,11.99,0.0,35.97,Completed
501874,10359,2025-08-03,21,2,12.99,0.0,25.98,Completed
504967,10771,2025-08-03,23,1,44.99,0.0,44.99,Completed
503217,10697,2025-08-04,5,2,149.99,0.0,299.98,Completed
500561,10991,2025-08-04,14,1,14.99,0.1,13.49,Completed
504182,10770,2025-08-04,25,5,24.99,0.0,124.95,Completed
500821,10499,2025-08-04,27,3,59.99,0.05,170.97,Completed
500165,10524,2025-08-04,21,1,12.99,0.05,12.34,Completed
503686,10581,2025-08-04,12,1,109.99,0.0,109.99,Completed
500693,10766,2025-08-04,25,1,24.99,0.0,24.99,Completed
500794,10710,2025-08-04,14,1,14.99,0.1,13.49,Completed
504825,10788,2025-08-05,2,1,29.99,0.0,29.99,Completed
504031,10405,2025-08-05,1,1,49.99,0.0,49.99,Completed
500958,10484,2025-08-05,6,1,79.99,0.1,71.99,Completed
500973,10507,2025-08-05,18,1,34.99,0.1,31.49,Completed
503354,10484,2025-08-05,7,1,39.99,0.0,39.99,Completed
502046,10355,2025-08-06,17,2,69.99,0.05,132.98,Completed
501322,10402,2025-08-06,22,2,29.99,0.15,50.98,Completed
500594,10414,2025-08-06,26,1,22.99,0.0,22.99,Completed
501734,10424,2025-08-06,21,1,12.99,0.05,12.34,Completed
501926,10358,2025-08-06,26,4,22.99,0.05,87.36,Completed
503779,10806,2025-08-06,30,2,229.99,0.0,459.98,Completed
504228,10451,2025-08-06,28,1,129.99,0.0,129.99,Completed
504971,10603,2025-08-07,23,1,44.99,0.1,40.49,Completed
504169,10637,2025-08-07,21,2,12.99,0.0,25.98,Completed
503603,10618,2025-08-07,16,1,24.99,0.0,24.99,Completed
503188,10153,2025-08-07,18,1,34.99,0.0,34.99,Completed
503836,10073,2025-08-07,5,3,149.99,0.05,427.47,Completed
504261,10646,2025-08-07,29,2,199.99,0.0,399.98,Completed
504638,10228,2025-08-08,26,1,22.99,0.0,22.99,Completed
501449,10864,2025-08-08,8,1,249.99,0.0,249.99,Completed
500891,10660,2025-08-08,23,5,44.99,0.0,224.95,Completed
501297,10481,2025-08-08,22,1,29.99,0.0,29.99,Completed
503770,10262,2025-08-08,19,1,64.99,0.0,64.99,Completed
501784,10995,2025-08-08,26,1,22.99,0.1,20.69,Completed
501043,10812,2025-08-08,10,1,179.99,0.15,152.99,Completed
500566,10077,2025-08-09,7,1,39.99,0.0,39.99,Completed
503989,10981,2025-08-09,4,1,59.99,0.0,59.99,Completed
501902,10102,2025-08-09,22,1,29.99,0.0,29.99,Completed
503568,10010,2025-08-09,22,3,29.99,0.05,85.47,Completed
501361,10759,2025-08-10,19,2,64.99,0.1,116.98,Completed
500334,10461,2025-08-10,14,4,14.99,0.05,56.96,Completed
504901,10914,2025-08-10,13,1,179.99,0.0,179.99,Completed
501082,10770,2025-08-10,17,1,69.99,0.05,66.49,Completed
501533,10683,2025-08-10,29,1,199.99,0.0,199.99,Completed
501484,10562,2025-08-10,8,3,249.99,0.1,674.97,Completed
503341,10402,2025-08-11,20,1,19.99,0.05,18.99,Completed
500250,10405,2025-08-11,1,1,49.99,0.0,49.99,Completed
501365,10507,2025-08-11,7,1,39.99,0.0,39.99,Completed
500426,10419,2025-08-11,15,1,11.99,0.1,10.79,Completed
503651,10030,2025-08-11,30,2,229.99,0.0,459.98,Completed
502692,10667,2025-08-11,25,3,24.99,0.0,74.97,Completed
503434,10446,2025-08-11,26,2,22.99,0.0,45.98,Completed
502657,10766,2025-08-11,3,1,89.99,0.0,0.0,Returned
501859,10861,2025-08-11,8,1,249.99,0.05,237.49,Completed
503838,10542,2025-08-11,11,1,279.99,0.0,279.99,Completed
504712,10164,2025-08-11,16,1,24.99,0.0,24.99,Completed
500399,10580,2025-08-11,13,1,179.99,0.15,152.99,Completed
500904,10753,2025-08-12,1,4,49.99,0.05,189.96,Completed
501135,10328,2025-08-12,15,1,11.99,0.0,11.99,Completed
501437,10325,2025-08-12,22,2,29.99,0.0,0.0,Returned
502952,10813,2025-08-12,2,1,29.99,0.1,26.99,Completed
504273,10067,2025-08-12,25,1,24.99,0.2,0.0,Cancelled
504255,10214,2025-08-12,15,2,11.99,0.1,21.58,Completed
501940,10970,2025-08-13,19,1,64.99,0.2,0.0,Returned
502197,10688,2025-08-13,25,2,24.99,0.0,49.98,Completed
504636,10683,2025-08-13,15,5,11.99,0.15,50.96,Completed
504254,10200,2025-08-13,14,1,14.99,0.0,14.99,Completed
500698,10012,2025-08-13,13,3,179.99,0.0,539.97,Completed
504351,10710,2025-08-13,22,1,29.99,0.0,29.99,Completed
502216,10776,2025-08-14,7,3,39.99,0.15,101.97,Completed
504870,10689,2025-08-14,5,2,149.99,0.15,254.98,Completed
503733,10245,2025-08-14,4,1,59.99,0.0,59.99,Completed
500373,10564,2025-08-14,24,3,39.99,0.15,101.97,Completed
502090,10116,2025-08-14,22,1,29.99,0.15,0.0,Returned
504842,10129,2025-08-14,7,2,39.99,0.0,79.98,Completed
500596,10933,2025-08-14,17,1,69.99,0.0,69.99,Completed
502717,10610,2025-08-14,15,1,11.99,0.05,11.39,Completed
503746,10088,2025-08-15,20,3,19.99,0.0,59.97,Completed
503342,10378,2025-08-15,13,1,179.99,0.15,0.0,Returned
500750,10501,2025-08-15,14,1,14.99,0.0,14.99,Completed
503523,10895,2025-08-16,19,4,64.99,0.0,259.96,Completed
500565,10346,2025-08-16,10,3,179.99,0.15,458.97,Completed
503278,10371,2025-08-16,4,1,59.99,0.0,59.99,Completed
500963,10379,2025-08-16,20,2,19.99,0.15,33.98,Completed
501748,10011,2025-08-16,23,1,44.99,0.05,42.74,Completed
501364,10295,2025-08-16,26,2,22.99,0.0,45.98,Completed
502269,10013,2025-08-16,18,1,34.99,0.0,34.99,Completed
500598,10139,2025-08-17,30,1,229.99,0.0,229.99,Completed
502935,10710,2025-08-17,23,1,44.99,0.0,0.0,Returned
502217,10904,2025-08-17,14,3,14.99,0.0,44.97,Completed
501456,10623,2025-08-17,3,1,89.99,0.05,85.49,Completed
503319,10379,2025-08-17,17,1,69.99,0.0,69.99,Completed
501150,10845,2025-08-18,2,4,29.99,0.0,119.96,Completed
503963,10298,2025-08-18,14,2,14.99,0.0,29.98,Completed
503016,10554,2025-08-18,15,2,11.99,0.05,22.78,Completed
501317,10185,2025-08-18,13,1,179.99,0.0,179.99,Completed
502015,10562,2025-08-18,25,2,24.99,0.05,47.48,Completed
502707,10829,2025-08-18,4,1,59.99,0.0,59.99,Completed
502395,10105,2025-08-19,27,1,59.99,0.0,59.99,Completed
503665,10186,2025-08-19,3,1,89.99,0.0,89.99,Completed
502249,10125,2025-08-19,15,1,11.99,0.0,0.0,Returned
504556,10986,2025-08-19,18,1,34.99,0.15,29.74,Completed
503699,10086,2025-08-19,27,1,59.99,0.0,59.99,Completed
500733,10660,2025-08-19,14,2,14.99,0.0,29.98,Completed
500747,10374,2025-08-19,19,3,64.99,0.15,0.0,Returned
500259,10453,2025-08-19,29,1,199.99,0.05,189.99,Completed
503150,10550,2025-08-20,21,2,12.99,0.0,25.98,Completed
503424,10239,2025-08-20,22,3,29.99,0.15,76.47,Completed
500169,10140,2025-08-20,18,1,34.99,0.05,33.24,Completed
504941,10771,2025-08-20,6,2,79.99,0.0,159.98,Completed
503390,10127,2025-08-20,16,1,24.99,0.1,22.49,Completed
502556,10040,2025-08-21,1,1,49.99,0.2,39.99,Completed
502779,10460,2025-08-21,23,1,44.99,0.1,40.49,Completed
500162,10408,2025-08-21,23,3,44.99,0.1,121.47,Completed
502127,10017,2025-08-21,7,2,39.99,0.05,0.0,Returned
504581,10264,2025-08-21,2,1,29.99,0.0,29.99,Completed
502141,10638,2025-08-21,20,1,19.99,0.05,18.99,Completed
500944,10897,2025-08-21,21,4,12.99,0.0,51.96,Completed
500797,10703,2025-08-21,27,1,59.99,0.0,59.99,Completed
504719,10380,2025-08-21,14,2,14.99,0.05,28.48,Completed
501655,10231,2025-08-21,15,3,11.99,0.0,35.97,Completed
500039,10339,2025-08-22,15,2,11.99,0.0,23.98,Completed
500489,10285,2025-08-22,6,1,79.99,0.1,71.99,Completed
503526,10604,2025-08-22,15,2,11.99,0.1,21.58,Completed
504162,10885,2025-08-22,26,1,22.99,0.05,0.0,Returned
501826,10910,2025-08-22,24,1,39.99,0.1,35.99,Completed
503474,10714,2025-08-22,17,5,69.99,0.0,349.95,Completed
504677,10402,2025-08-22,21,2,12.99,0.0,25.98,Completed
502479,10841,2025-08-23,27,1,59.99,0.15,50.99,Completed
504310,10141,2025-08-23,3,1,89.99,0.05,85.49,Completed
504450,10895,2025-08-23,3,1,89.99,0.0,89.99,Completed
504495,10176,2025-08-23,21,1,12.99,0.1,11.69,Completed
502648,10345,2025-08-23,17,1,69.99,0.0,69.99,Completed
504654,10177,2025-08-23,6,1,79.99,0.0,79.99,Completed
500042,10604,2025-08-23,3,2,89.99,0.1,0.0,Returned
501005,10590,2025-08-23,16,3,24.99,0.0,74.97,Completed
504784,10072,2025-08-23,8,2,249.99,0.0,499.98,Completed
501923,10865,2025-08-23,16,1,24.99,0.1,22.49,Completed
503652,10095,2025-08-23,15,2,11.99,0.1,21.58,Completed
500728,10476,2025-08-23,3,1,89.99,0.2,71.99,Completed
503402,10836,2025-08-23,19,1,64.99,0.0,64.99,Completed
501336,10116,2025-08-23,2,2,29.99,0.0,0.0,Returned
503808,10039,2025-08-24,26,2,22.99,0.0,45.98,Completed
502799,10533,2025-08-24,7,3,39.99,0.05,113.97,Completed
504356,10846,2025-08-24,23,2,44.99,0.0,89.98,Completed
504227,10756,2025-08-24,2,2,29.99,0.0,59.98,Completed
501419,10788,2025-08-24,14,1,14.99,0.1,13.49,Completed
502112,10286,2025-08-24,19,1,64.99,0.1,58.49,Completed
503183,10827,2025-08-24,24,1,39.99,0.1,35.99,Completed
502248,10623,2025-08-24,12,1,109.99,0.0,109.99,Completed
500626,10897,2025-08-24,24,1,39.99,0.15,33.99,Completed
502110,10624,2025-08-25,23,3,44.99,0.1,121.47,Completed
502000,10426,2025-08-25,10,2,179.99,0.0,359.98,Completed
503154,10230,2025-08-25,26,3,22.99,0.0,68.97,Completed
501583,10805,2025-08-26,29,1,199.99,0.1,179.99,Completed
503216,10247,2025-08-26,11,1,279.99,0.2,223.99,Completed
503367,10191,2025-08-26,1,5,49.99,0.0,0.0,Returned
503977,10525,2025-08-26,9,1,399.99,0.1,359.99,Completed
504265,10694,2025-08-26,23,1,44.99,0.05,42.74,Completed
500432,10836,2025-08-26,30,2,229.99,0.0,459.98,Completed
502733,10058,2025-08-26,14,2,14.99,0.15,25.48,Completed
502514,10155,2025-08-26,27,2,59.99,0.15,101.98,Completed
503517,10801,2025-08-26,26,5,22.99,0.05,109.2,Completed
502687,10796,2025-08-27,1,1,49.99,0.05,47.49,Completed
501631,10603,2025-08-27,1,2,49.99,0.0,99.98,Completed
503305,10053,2025-08-27,11,1,279.99,0.05,265.99,Completed
500207,10791,2025-08-27,13,1,179.99,0.1,161.99,Completed
502084,10321,2025-08-27,3,1,89.99,0.05,85.49,Completed
500512,10956,2025-08-27,26,1,22.99,0.0,22.99,Completed
503388,10190,2025-08-27,12,1,109.99,0.0,109.99,Completed
502890,10572,2025-08-27,5,1,149.99,0.1,134.99,Completed
503980,10075,2025-08-28,14,2,14.99,0.0,29.98,Completed
504487,10384,2025-08-28,26,3,22.99,0.1,62.07,Completed
502627,10214,2025-08-28,22,1,29.99,0.0,29.99,Completed
503442,10384,2025-08-28,19,1,64.99,0.0,64.99,Completed
502086,10763,2025-08-28,22,1,29.99,0.05,28.49,Completed
504114,10709,2025-08-28,11,1,279.99,0.1,251.99,Completed
500323,10709,2025-08-28,1,1,49.99,0.1,44.99,Completed
502510,10199,2025-08-28,20,1,19.99,0.0,19.99,Completed
504498,10958,2025-08-28,7,3,39.99,0.1,107.97,Completed
504083,10322,2025-08-28,12,2,109.99,0.05,208.98,Completed
504930,10595,2025-08-28,17,1,69.99,0.0,69.99,Completed
503531,10556,2025-08-28,25,1,24.99,0.05,23.74,Completed
502590,10279,2025-08-28,2,1,29.99,0.1,26.99,Completed
500200,10683,2025-08-29,25,1,24.99,0.15,21.24,Completed
500172,10021,2025-08-29,10,2,179.99,0.0,359.98,Completed
504605,10536,2025-08-29,10,1,179.99,0.0,179.99,Completed
503191,10176,2025-08-30,6,1,79.99,0.0,79.99,Completed
500907,10445,2025-08-30,25,1,24.99,0.0,24.99,Completed
504733,10554,2025-08-30,18,1,34.99,0.05,33.24,Completed
502069,10567,2025-08-31,29,1,199.99,0.15,169.99,Completed
501024,10388,2025-08-31,13,3,179.99,0.0,539.97,Completed
500773,10135,2025-08-31,24,1,39.99,0.05,37.99,Completed
500954,10744,2025-08-31,21,1,12.99,0.05,12.34,Completed
501605,10072,2025-08-31,18,1,34.99,0.0,34.99,Completed
502431,10786,2025-08-31,5,1,149.99,0.0,0.0,Cancelled
500943,10374,2025-08-31,9,1,399.99,0.0,399.99,Completed
500016,10900,2025-09-01,14,2,14.99,0.0,29.98,Completed
504936,10895,2025-09-01,23,2,44.99,0.0,89.98,Completed
501951,10345,2025-09-01,24,2,39.99,0.0,79.98,Completed
501464,10169,2025-09-01,14,3,14.99,0.05,42.72,Completed
500369,10899,2025-09-01,26,1,22.99,0.1,20.69,Completed
501513,10131,2025-09-01,5,3,149.99,0.1,404.97,Completed
503007,10210,2025-09-01,23,2,44.99,0.0,0.0,Returned
502409,10654,2025-09-01,10,1,179.99,0.0,179.99,Completed
500860,10393,2025-09-01,2,1,29.99,0.05,28.49,Completed
501137,10186,2025-09-01,2,2,29.99,0.0,59.98,Completed
500368,10876,2025-09-02,15,4,11.99,0.05,45.56,Completed
501702,10522,2025-09-02,20,1,19.99,0.0,19.99,Completed
502007,10589,2025-09-02,24,1,39.99,0.0,39.99,Completed
500675,10807,2025-09-02,17,1,69.99,0.0,69.99,Completed
500527,10872,2025-09-02,8,1,249.99,0.15,212.49,Completed
500849,10388,2025-09-02,12,1,109.99,0.15,93.49,Completed
502585,10476,2025-09-02,14,4,14.99,0.0,59.96,Completed
500505,10767,2025-09-02,4,1,59.99,0.0,59.99,Completed
504944,10405,2025-09-03,5,1,149.99,0.05,142.49,Completed
502242,10766,2025-09-03,22,1,29.99,0.1,26.99,Completed
501158,10650,2025-09-03,18,1,34.99,0.05,33.24,Completed
502852,10390,2025-09-03,28,2,129.99,0.0,259.98,Completed
501673,10932,2025-09-03,6,1,79.99,0.0,79.99,Completed
503182,10578,2025-09-03,30,4,229.99,0.0,919.96,Completed
504920,10513,2025-09-03,3,1,89.99,0.1,0.0,Returned
500764,10722,2025-09-03,20,2,19.99,0.0,39.98,Completed
504057,10126,2025-09-03,3,1,89.99,0.0,89.99,Completed
500585,10220,2025-09-03,7,2,39.99,0.1,71.98,Completed
500890,10008,2025-09-03,27,2,59.99,0.05,113.98,Completed
502784,10817,2025-09-04,29,3,199.99,0.0,599.97,Completed
502705,10930,2025-09-04,27,3,59.99,0.0,179.97,Completed
504327,10448,2025-09-05,18,1,34.99,0.05,33.24,Completed
502098,10790,2025-09-05,17,4,69.99,0.15,237.97,Completed
503925,10923,2025-09-05,30,2,229.99,0.05,436.98,Completed
503346,10167,2025-09-05,28,1,129.99,0.05,123.49,Completed
500272,10339,2025-09-05,21,1,12.99,0.1,11.69,Completed
501432,10028,2025-09-06,1,1,49.99,0.15,42.49,Completed
500405,10842,2025-09-06,18,1,34.99,0.0,34.99,Completed
501876,10068,2025-09-06,2,1,29.99,0.0,29.99,Completed
502244,10780,2025-09-06,26,2,22.99,0.0,45.98,Completed
503355,10592,2025-09-06,30,1,229.99,0.0,229.99,Completed
502503,10431,2025-09-06,25,1,24.99,0.05,23.74,Completed
500543,10242,2025-09-06,7,2,39.99,0.0,79.98,Completed
502011,10360,2025-09-06,15,2,11.99,0.0,23.98,Completed
504366,10812,2025-09-06,15,2,11.99,0.0,23.98,Completed
502960,10190,2025-09-07,15,2,11.99,0.05,22.78,Completed
501357,10495,2025-09-07,16,2,24.99,0.1,44.98,Completed
504579,10991,2025-09-07,21,1,12.99,0.0,12.99,Completed
500648,10709,2025-09-07,19,2,64.99,0.0,129.98,Completed
501414,10818,2025-09-07,11,1,279.99,0.1,251.99,Completed
502397,10596,2025-09-07,14,2,14.99,0.05,28.48,Completed
504074,10698,2025-09-08,18,2,34.99,0.0,69.98,Completed
503181,10530,2025-09-08,20,1,19.99,0.05,18.99,Completed
503670,10518,2025-09-08,18,1,34.99,0.0,34.99,Completed
504108,10663,2025-09-08,30,1,229.99,0.0,229.99,Completed
503525,10683,2025-09-08,21,1,12.99,0.0,0.0,Cancelled
503679,10134,2025-09-08,22,1,29.99,0.1,26.99,Completed
500756,10320,2025-09-08,27,1,59.99,0.1,53.99,Completed
500518,10585,2025-09-08,17,1,69.99,0.05,66.49,Completed
500965,10227,2025-09-08,12,1,109.99,0.1,98.99,Completed
502600,10737,2025-09-08,2,1,29.99,0.05,28.49,Completed
502751,10623,2025-09-09,25,1,24.99,0.05,23.74,Completed
501776,10237,2025-09-09,4,1,59.99,0.0,59.99,Completed
502898,10059,2025-09-09,9,1,399.99,0.1,359.99,Completed
504564,10783,2025-09-09,3,1,89.99,0.0,89.99,Completed
501433,10424,2025-09-09,23,3,44.99,0.0,134.97,Completed
501207,10947,2025-09-09,26,1,22.99,0.05,21.84,Completed
500082,10981,2025-09-09,6,1,79.99,0.05,75.99,Completed
500819,10505,2025-09-09,26,2,22.99,0.0,45.98,Completed
501183,10759,2025-09-10,29,2,199.99,0.0,399.98,Completed
502447,10140,2025-09-10,1,4,49.99,0.05,189.96,Completed
504603,10895,2025-09-10,24,3,39.99,0.05,113.97,Completed
504598,10781,2025-09-10,24,1,39.99,0.0,39.99,Completed
502224,10095,2025-09-10,16,2,24.99,0.0,49.98,Completed
502789,10614,2025-09-10,9,2,399.99,0.0,799.98,Completed
502977,10876,2025-09-10,22,3,29.99,0.0,89.97,Completed
503738,10190,2025-09-10,19,1,64.99,0.05,61.74,Completed
501062,10402,2025-09-11,8,1,249.99,0.0,249.99,Completed
501778,10138,2025-09-11,2,2,29.99,0.2,47.98,Completed
501397,10395,2025-09-11,19,5,64.99,0.1,292.46,Completed
501848,10639,2025-09-11,7,1,39.99,0.05,37.99,Completed
504637,10689,2025-09-11,25,1,24.99,0.1,22.49,Completed
502953,10347,2025-09-11,22,2,29.99,0.15,50.98,Completed
501129,10859,2025-09-11,26,1,22.99,0.05,0.0,Cancelled
501610,10933,2025-09-11,4,3,59.99,0.0,179.97,Completed
500498,10744,2025-09-12,15,4,11.99,0.0,47.96,Completed
500638,10472,2025-09-12,8,1,249.99,0.0,249.99,Completed
503131,10046,2025-09-12,26,1,22.99,0.0,22.99,Completed
504065,10481,2025-09-12,20,1,19.99,0.0,19.99,Completed
503515,10263,2025-09-12,16,1,24.99,0.05,23.74,Completed
500514,10614,2025-09-12,9,1,399.99,0.05,379.99,Completed
503737,10820,2025-09-12,10,1,179.99,0.05,170.99,Completed
504720,10897,2025-09-12,14,1,14.99,0.05,14.24,Completed
500935,10864,2025-09-12,24,4,39.99,0.0,159.96,Completed
501320,10422,2025-09-13,1,1,49.99,0.0,49.99,Completed
500282,10133,2025-09-13,7,2,39.99,0.15,67.98,Completed
500079,10172,2025-09-13,1,1,49.99,0.1,44.99,Completed
504983,10083,2025-09-13,20,4,19.99,0.0,79.96,Completed
504068,10022,2025-09-13,24,1,39.99,0.0,39.99,Completed
502367,10477,2025-09-13,16,1,24.99,0.05,23.74,Completed
504352,10764,2025-09-13,12,1,109.99,0.05,104.49,Completed
504886,10478,2025-09-14,12,5,109.99,0.0,549.95,Completed
504131,10881,2025-09-14,22,1,29.99,0.0,29.99,Completed
503668,10303,2025-09-14,15,1,11.99,0.0,11.99,Completed
504399,10206,2025-09-14,21,1,12.99,0.0,12.99,Completed
504025,10360,2025-09-14,4,1,59.99,0.0,59.99,Completed
500248,10328,2025-09-14,7,1,39.99,0.0,39.99,Completed
502991,10646,2025-09-14,30,1,229.99,0.05,218.49,Completed
500511,10763,2025-09-14,20,2,19.99,0.05,37.98,Completed
503809,10497,2025-09-14,20,4,19.99,0.0,79.96,Completed
504780,10968,2025-09-15,28,1,129.99,0.1,116.99,Completed
503953,10901,2025-09-15,21,2,12.99,0.1,23.38,Completed
500800,10523,2025-09-16,2,4,29.99,0.0,119.96,Completed
504625,10358,2025-09-16,28,3,129.99,0.0,389.97,Completed
503364,10472,2025-09-16,14,4,14.99,0.05,56.96,Completed
500741,10436,2025-09-16,10,1,179.99,0.05,170.99,Completed
504360,10942,2025-09-16,19,1,64.99,0.05,61.74,Completed
504029,10021,2025-09-16,11,1,279.99,0.0,279.99,Completed
504533,10857,2025-09-16,15,1,11.99,0.2,9.59,Completed
502403,10494,2025-09-17,29,1,199.99,0.05,189.99,Completed
501931,10137,2025-09-17,3,3,89.99,0.05,256.47,Completed
502310,10624,2025-09-17,22,3,29.99,0.0,89.97,Completed
503115,10995,2025-09-17,22,1,29.99,0.0,29.99,Completed
504381,10453,2025-09-17,16,1,24.99,0.05,23.74,Completed
502788,10507,2025-09-17,10,1,179.99,0.0,179.99,Completed
500981,10141,2025-09-18,1,1,49.99,0.0,49.99,Completed
503439,10294,2025-09-18,16,2,24.99,0.0,49.98,Completed
503372,10242,2025-09-18,7,2,39.99,0.15,67.98,Completed
500394,10944,2025-09-18,21,2,12.99,0.05,24.68,Completed
504099,10036,2025-09-19,25,2,24.99,0.05,47.48,Completed
504838,10610,2025-09-19,28,1,129.99,0.1,116.99,Completed
501485,10842,2025-09-19,14,1,14.99,0.0,14.99,Completed
502153,10988,2025-09-19,6,1,79.99,0.15,67.99,Completed
503298,10894,2025-09-19,21,2,12.99,0.0,25.98,Completed
504632,10390,2025-09-19,21,1,12.99,0.0,12.99,Completed
503516,10393,2025-09-19,5,1,149.99,0.05,142.49,Completed
504009,10103,2025-09-19,1,4,49.99,0.0,199.96,Completed
500685,10611,2025-09-19,15,5,11.99,0.05,56.95,Completed
502764,10560,2025-09-19,8,1,249.99,0.05,237.49,Completed
502203,10513,2025-09-20,19,2,64.99,0.0,0.0,Cancelled
500431,10955,2025-09-20,8,4,249.99,0.05,949.96,Completed
500036,10473,2025-09-20,4,1,59.99,0.15,50.99,Completed
503793,10180,2025-09-20,2,2,29.99,0.1,53.98,Completed
502070,10284,2025-09-20,3,1,89.99,0.1,80.99,Completed
504409,10092,2025-09-21,21,1,12.99,0.0,12.99,Completed
500178,10211,2025-09-21,6,2,79.99,0.1,143.98,Completed
500047,10756,2025-09-21,19,2,64.99,0.15,110.48,Completed
504113,10495,2025-09-21,20,2,19.99,0.1,35.98,Completed
503067,10972,2025-09-21,8,1,249.99,0.15,212.49,Completed
501092,10035,2025-09-21,12,2,109.99,0.0,219.98,Completed
504522,10190,2025-09-22,3,1,89.99,0.15,76.49,Completed
501210,10795,2025-09-22,5,1,149.99,0.1,134.99,Completed
500225,10969,2025-09-22,6,1,79.99,0.0,79.99,Completed
500945,10169,2025-09-22,13,1,179.99,0.15,152.99,Completed
504202,10467,2025-09-22,22,1,29.99,0.0,29.99,Completed
502704,10701,2025-09-23,22,2,29.99,0.1,53.98,Completed
501627,10428,2025-09-23,13,1,179.99,0.1,161.99,Completed
502495,10457,2025-09-23,28,3,129.99,0.0,389.97,Completed
502298,10010,2025-09-23,26,2,22.99,0.0,45.98,Completed
503413,10539,2025-09-23,23,1,44.99,0.15,38.24,Completed
504817,10763,2025-09-24,14,2,14.99,0.0,29.98,Completed
502836,10802,2025-09-24,18,2,34.99,0.1,62.98,Completed
502616,10722,2025-09-24,1,2,49.99,0.0,99.98,Completed
503457,10690,2025-09-24,9,1,399.99,0.05,379.99,Completed
503214,10679,2025-09-24,3,3,89.99,0.1,242.97,Completed
501473,10788,2025-09-24,11,4,279.99,0.05,1063.96,Completed
501221,10883,2025-09-25,19,1,64.99,0.05,61.74,Completed
502748,10314,2025-09-25,14,1,14.99,0.0,14.99,Completed
500054,10984,2025-09-25,27,2,59.99,0.1,107.98,Completed
500739,10713,2025-09-25,1,2,49.99,0.0,99.98,Completed
500480,10042,2025-09-25,29,1,199.99,0.05,189.99,Completed
503196,10335,2025-09-25,19,2,64.99,0.0,129.98,Completed
503591,10895,2025-09-25,7,2,39.99,0.1,71.98,Completed
500558,10131,2025-09-25,24,1,39.99,0.05,37.99,Completed
504745,10374,2025-09-25,14,3,14.99,0.05,42.72,Completed
502967,10008,2025-09-26,25,1,24.99,0.1,22.49,Completed
500124,10634,2025-09-26,21,2,12.99,0.0,25.98,Completed
501409,10505,2025-09-26,19,1,64.99,0.05,61.74,Completed
503167,10941,2025-09-26,23,1,44.99,0.05,42.74,Completed
503237,10368,2025-09-26,11,1,279.99,0.0,279.99,Completed
501942,10328,2025-09-26,22,1,29.99,0.0,29.99,Completed
504268,10781,2025-09-26,26,1,22.99,0.05,21.84,Completed
501246,10677,2025-09-27,28,1,129.99,0.0,129.99,Completed
503425,10895,2025-09-27,4,2,59.99,0.0,119.98,Completed
501532,10811,2025-09-27,5,2,149.99,0.0,299.98,Completed
503344,10341,2025-09-27,12,3,109.99,0.0,329.97,Completed
503961,10845,2025-09-28,24,1,39.99,0.0,39.99,Completed
504848,10129,2025-09-28,20,1,19.99,0.0,19.99,Completed
504738,10723,2025-09-28,20,1,19.99,0.0,19.99,Completed
501983,10778,2025-09-28,15,2,11.99,0.0,23.98,Completed
504483,10542,2025-09-28,14,3,14.99,0.1,40.47,Completed
502134,10614,2025-09-28,23,5,44.99,0.0,224.95,Completed
504266,10071,2025-09-28,20,1,19.99,0.1,17.99,Completed
504862,10602,2025-09-28,22,1,29.99,0.0,29.99,Completed
503662,10846,2025-09-28,19,2,64.99,0.0,129.98,Completed
501237,10396,2025-09-28,3,1,89.99,0.0,89.99,Completed
500375,10747,2025-09-29,15,1,11.99,0.0,11.99,Completed
503620,10533,2025-09-29,25,1,24.99,0.05,23.74,Completed
502336,10809,2025-09-29,10,1,179.99,0.05,170.99,Completed
504568,10611,2025-09-29,18,2,34.99,0.0,69.98,Completed
504781,10807,2025-09-30,2,4,29.99,0.05,113.96,Completed
501388,10529,2025-09-30,16,4,24.99,0.05,94.96,Completed
503302,10595,2025-09-30,23,1,44.99,0.0,44.99,Completed
501643,10795,2025-09-30,20,2,19.99,0.05,37.98,Completed
503710,10361,2025-09-30,25,3,24.99,0.1,67.47,Completed
502568,10951,2025-09-30,13,1,179.99,0.15,152.99,Completed
500999,10956,2025-09-30,29,4,199.99,0.0,799.96,Completed
502917,10059,2025-09-30,15,2,11.99,0.0,0.0,Returned
501368,10990,2025-09-30,12,1,109.99,0.15,93.49,Completed
504938,10621,2025-10-01,14,2,14.99,0.0,29.98,Completed
504821,10383,2025-10-01,18,1,34.99,0.0,34.99,Completed
504073,10972,2025-10-01,7,1,39.99,0.15,33.99,Completed
501888,10453,2025-10-01,26,1,22.99,0.1,20.69,Completed
503093,10461,2025-10-01,17,3,69.99,0.15,178.47,Completed
502220,10109,2025-10-01,3,3,89.99,0.0,269.97,Completed
504415,10374,2025-10-01,23,1,44.99,0.15,38.24,Completed
504171,10064,2025-10-01,30,2,229.99,0.0,459.98,Completed
503548,10956,2025-10-02,20,2,19.99,0.05,37.98,Completed
501705,10437,2025-10-02,24,1,39.99,0.05,37.99,Completed
500470,10259,2025-10-02,16,4,24.99,0.0,99.96,Completed
503602,10847,2025-10-02,15,1,11.99,0.1,10.79,Completed
501722,10325,2025-10-02,23,1,44.99,0.0,44.99,Completed
502359,10906,2025-10-03,8,3,249.99,0.0,749.97,Completed
504047,10348,2025-10-03,6,1,79.99,0.15,67.99,Completed
501921,10134,2025-10-03,2,3,29.99,0.0,89.97,Completed
501232,10903,2025-10-03,3,1,89.99,0.15,76.49,Completed
504765,10779,2025-10-04,18,1,34.99,0.0,34.99,Completed
503248,10961,2025-10-04,3,2,89.99,0.05,170.98,Completed
502342,10644,2025-10-04,27,4,59.99,0.0,239.96,Completed
504042,10535,2025-10-04,26,2,22.99,0.0,45.98,Completed
504455,10542,2025-10-04,2,1,29.99,0.1,26.99,Completed
504650,10525,2025-10-04,26,1,22.99,0.1,20.69,Completed
501085,10110,2025-10-04,12,1,109.99,0.0,109.99,Completed
504469,10350,2025-10-04,8,4,249.99,0.0,999.96,Completed
502200,10078,2025-10-05,2,1,29.99,0.0,29.99,Completed
502925,10328,2025-10-05,11,3,279.99,0.15,713.97,Completed
503648,10902,2025-10-05,29,1,199.99,0.0,199.99,Completed
504535,10435,2025-10-05,16,1,24.99,0.1,22.49,Completed
500110,10995,2025-10-05,9,1,399.99,0.0,399.99,Completed
500144,10920,2025-10-05,11,1,279.99,0.1,251.99,Completed
503650,10167,2025-10-05,13,1,179.99,0.0,179.99,Completed
502438,10451,2025-10-06,2,2,29.99,0.0,59.98,Completed
500417,10527,2025-10-07,2,3,29.99,0.0,89.97,Completed
502457,10393,2025-10-07,26,1,22.99,0.0,22.99,Completed
501829,10975,2025-10-07,14,1,14.99,0.0,14.99,Completed
500478,10313,2025-10-07,2,2,29.99,0.1,53.98,Completed
500392,10248,2025-10-07,26,2,22.99,0.1,41.38,Completed
503617,10475,2025-10-07,16,1,24.99,0.0,24.99,Completed
504892,10744,2025-10-08,21,1,12.99,0.05,12.34,Completed
502434,10319,2025-10-08,12,2,109.99,0.0,219.98,Completed
501185,10920,2025-10-08,3,1,89.99,0.0,89.99,Completed
504516,10623,2025-10-08,16,1,24.99,0.1,22.49,Completed
503245,10961,2025-10-08,23,1,44.99,0.0,44.99,Completed
502119,10858,2025-10-08,22,3,29.99,0.0,89.97,Completed
502858,10565,2025-10-08,16,2,24.99,0.0,49.98,Completed
503083,10779,2025-10-08,2,1,29.99,0.1,26.99,Completed
502897,10624,2025-10-09,24,4,39.99,0.05,151.96,Completed
504953,10166,2025-10-09,26,1,22.99,0.2,18.39,Completed
502803,10623,2025-10-09,15,2,11.99,0.1,21.58,Completed
503907,10040,2025-10-09,16,1,24.99,0.0,24.99,Completed
502732,10179,2025-10-10,18,3,34.99,0.1,94.47,Completed
504557,10539,2025-10-10,2,3,29.99,0.05,85.47,Completed
501031,10138,2025-10-10,17,1,69.99,0.0,69.99,Completed
503219,10962,2025-10-10,11,2,279.99,0.0,559.98,Completed
502652,10604,2025-10-10,21,1,12.99,0.1,11.69,Completed
504768,10091,2025-10-10,26,1,22.99,0.1,20.69,Completed
502332,10264,2025-10-10,20,3,19.99,0.1,53.97,Completed
500419,10364,2025-10-10,1,1,49.99,0.05,47.49,Completed
502286,10529,2025-10-10,5,3,149.99,0.15,382.47,Completed
500100,10022,2025-10-11,18,2,34.99,0.0,69.98,Completed
504326,10155,2025-10-11,6,4,79.99,0.0,319.96,Completed
504177,10767,2025-10-11,12,1,109.99,0.0,109.99,Completed
504707,10539,2025-10-11,2,3,29.99,0.0,89.97,Completed
501939,10919,2025-10-11,26,5,22.99,0.0,114.95,Completed
503741,10507,2025-10-12,8,1,249.99,0.0,249.99,Completed
503917,10766,2025-10-12,26,1,22.99,0.0,22.99,Completed
503023,10841,2025-10-12,2,3,29.99,0.1,80.97,Completed
502508,10627,2025-10-12,26,2,22.99,0.0,45.98,Completed
503493,10731,2025-10-12,26,1,22.99,0.0,22.99,Completed
501245,10900,2025-10-12,23,2,44.99,0.0,89.98,Completed
500915,10199,2025-10-13,2,1,29.99,0.05,28.49,Completed
502472,10358,2025-10-13,27,3,59.99,0.0,179.97,Completed
501214,10191,2025-10-13,22,2,29.99,0.15,50.98,Completed
501242,10623,2025-10-13,27,4,59.99,0.0,239.96,Completed
504080,10703,2025-10-13,27,2,59.99,0.1,107.98,Completed
500034,10544,2025-10-13,16,2,24.99,0.15,42.48,Completed
504575,10836,2025-10-14,16,2,24.99,0.0,49.98,Completed
502480,10805,2025-10-14,8,1,249.99,0.2,199.99,Completed
504063,10228,2025-10-14,25,1,24.99,0.0,24.99,Completed
503951,10564,2025-10-14,8,1,249.99,0.1,224.99,Completed
503317,10328,2025-10-14,7,3,39.99,0.05,113.97,Completed
504778,10435,2025-10-14,25,2,24.99,0.05,47.48,Completed
501604,10121,2025-10-14,16,2,24.99,0.0,49.98,Completed
503136,10186,2025-10-14,21,1,12.99,0.0,12.99,Completed
500533,10604,2025-10-14,2,2,29.99,0.15,50.98,Completed
503051,10869,2025-10-14,27,1,59.99,0.1,53.99,Completed
500444,10165,2025-10-15,25,4,24.99,0.1,89.96,Completed
504928,10478,2025-10-15,16,1,24.99,0.15,21.24,Completed
503895,10747,2025-10-15,16,1,24.99,0.0,24.99,Completed
502861,10804,2025-10-15,24,2,39.99,0.05,75.98,Completed
503117,10008,2025-10-16,26,3,22.99,0.0,68.97,Completed
502534,10624,2025-10-16,27,3,59.99,0.1,161.97,Completed
501386,10199,2025-10-16,8,3,249.99,0.05,712.47,Completed
501452,10998,2025-10-16,10,2,179.99,0.0,359.98,Completed
502050,10492,2025-10-17,13,1,179.99,0.1,161.99,Completed
502270,10452,2025-10-17,15,1,11.99,0.05,0.0,Returned
503207,10717,2025-10-17,23,1,44.99,0.05,0.0,Returned
503954,10791,2025-10-17,13,1,179.99,0.0,179.99,Completed
502052,10155,2025-10-17,19,1,64.99,0.05,61.74,Completed
503389,10842,2025-10-18,19,2,64.99,0.1,116.98,Completed
504902,10925,2025-10-18,18,1,34.99,0.1,31.49,Completed
501914,10408,2025-10-18,5,2,149.99,0.0,299.98,Completed
501279,10227,2025-10-18,20,1,19.99,0.0,19.99,Completed
503110,10673,2025-10-18,16,3,24.99,0.0,74.97,Completed
503273,10003,2025-10-18,15,3,11.99,0.1,32.37,Completed
503739,10492,2025-10-18,20,1,19.99,0.0,19.99,Completed
501025,10715,2025-10-18,20,2,19.99,0.05,37.98,Completed
501819,10179,2025-10-18,25,1,24.99,0.1,22.49,Completed
504614,10618,2025-10-18,14,1,14.99,0.05,14.24,Completed
501222,10177,2025-10-18,11,1,279.99,0.0,279.99,Completed
500510,10749,2025-10-19,3,1,89.99,0.0,89.99,Completed
500812,10386,2025-10-19,15,5,11.99,0.15,50.96,Completed
501782,10391,2025-10-19,25,1,24.99,0.2,19.99,Completed
502394,10145,2025-10-19,3,4,89.99,0.1,323.96,Completed
502289,10720,2025-10-19,10,2,179.99,0.1,323.98,Completed
502463,10067,2025-10-19,5,1,149.99,0.05,142.49,Completed
501470,10945,2025-10-19,2,2,29.99,0.05,0.0,Returned
500401,10474,2025-10-19,21,3,12.99,0.15,33.12,Completed
500302,10958,2025-10-19,2,1,29.99,0.0,29.99,Completed
500128,10864,2025-10-19,27,1,59.99,0.0,59.99,Completed
502841,10962,2025-10-19,5,1,149.99,0.1,134.99,Completed
504457,10975,2025-10-20,2,3,29.99,0.1,80.97,Completed
500908,10602,2025-10-20,12,1,109.99,0.05,104.49,Completed
504256,10192,2025-10-20,27,1,59.99,0.0,59.99,Completed
504783,10143,2025-10-20,19,5,64.99,0.0,324.95,Completed
500429,10995,2025-10-21,13,4,179.99,0.2,575.97,Completed
501717,10652,2025-10-21,17,2,69.99,0.05,132.98,Completed
501961,10007,2025-10-21,13,1,179.99,0.0,179.99,Completed
502613,10554,2025-10-21,20,4,19.99,0.0,79.96,Completed
500753,10212,2025-10-21,26,1,22.99,0.05,21.84,Completed
501040,10758,2025-10-22,13,1,179.99,0.0,179.99,Completed
503398,10887,2025-10-22,21,1,12.99,0.0,12.99,Completed
501258,10816,2025-10-22,6,1,79.99,0.1,71.99,Completed
502840,10358,2025-10-22,28,1,129.99,0.0,129.99,Completed
504854,10779,2025-10-22,9,1,399.99,0.05,379.99,Completed
501139,10677,2025-10-22,6,1,79.99,0.05,75.99,Completed
504012,10895,2025-10-23,27,1,59.99,0.0,59.99,Completed
504543,10829,2025-10-23,6,2,79.99,0.15,135.98,Completed
503996,10949,2025-10-23,1,1,49.99,0.05,47.49,Completed
503427,10600,2025-10-23,15,1,11.99,0.15,10.19,Completed
500378,10528,2025-10-23,17,3,69.99,0.15,178.47,Completed
500229,10022,2025-10-23,10,1,179.99,0.0,179.99,Completed
504898,10739,2025-10-23,26,2,22.99,0.05,43.68,Completed
502144,10363,2025-10-23,26,1,22.99,0.1,0.0,Cancelled
502694,10128,2025-10-24,10,1,179.99,0.05,170.99,Completed
500353,10493,2025-10-24,16,1,24.99,0.05,23.74,Completed
502678,10942,2025-10-24,20,1,19.99,0.0,0.0,Cancelled
502476,10662,2025-10-24,16,3,24.99,0.0,74.97,Completed
504731,10206,2025-10-24,5,1,149.99,0.0,149.99,Completed
500393,10301,2025-10-24,11,1,279.99,0.0,279.99,Completed
501400,10707,2025-10-24,21,2,12.99,0.0,25.98,Completed
500686,10635,2025-10-24,15,2,11.99,0.05,22.78,Completed
504666,10365,2025-10-24,15,1,11.99,0.1,0.0,Cancelled
500957,10740,2025-10-24,25,3,24.99,0.15,0.0,Returned
501408,10009,2025-10-24,15,2,11.99,0.0,23.98,Completed
503560,10157,2025-10-25,12,1,109.99,0.0,109.99,Completed
504161,10337,2025-10-25,10,2,179.99,0.15,305.98,Completed
501693,10436,2025-10-25,27,1,59.99,0.0,59.99,Completed
500449,10542,2025-10-25,25,1,24.99,0.1,22.49,Completed
503108,10706,2025-10-25,15,2,11.99,0.0,23.98,Completed
503501,10255,2025-10-25,12,3,109.99,0.1,296.97,Completed
502542,10683,2025-10-25,18,3,34.99,0.05,99.72,Completed
504071,10414,2025-10-25,24,1,39.99,0.15,33.99,Completed
500168,10177,2025-10-25,7,2,39.99,0.0,79.98,Completed
500556,10978,2025-10-26,15,2,11.99,0.0,23.98,Completed
503128,10717,2025-10-26,20,4,19.99,0.0,79.96,Completed
502129,10263,2025-10-26,4,1,59.99,0.05,56.99,Completed
503475,10395,2025-10-26,26,1,22.99,0.1,20.69,Completed
502730,10032,2025-10-26,22,2,29.99,0.0,59.98,Completed
503403,10694,2025-10-27,21,2,12.99,0.0,0.0,Returned
502453,10354,2025-10-27,14,2,14.99,0.05,28.48,Completed
502087,10311,2025-10-27,27,1,59.99,0.05,56.99,Completed
503530,10368,2025-10-27,26,3,22.99,0.1,62.07,Completed
500012,10886,2025-10-27,2,2,29.99,0.05,56.98,Completed
500290,10978,2025-10-27,30,1,229.99,0.1,206.99,Completed
503696,10578,2025-10-27,17,2,69.99,0.1,125.98,Completed
500033,10436,2025-10-27,26,1,22.99,0.0,0.0,Returned
503822,10292,2025-10-27,26,3,22.99,0.0,68.97,Completed
501114,10586,2025-10-27,7,2,39.99,0.0,79.98,Completed
504542,10496,2025-10-27,4,1,59.99,0.1,53.99,Completed
501088,10306,2025-10-27,2,1,29.99,0.05,28.49,Completed
501854,10827,2025-10-28,17,1,69.99,0.0,69.99,Completed
500991,10679,2025-10-28,12,1,109.99,0.1,98.99,Completed
504382,10065,2025-10-28,18,1,34.99,0.15,29.74,Completed
503160,10098,2025-10-28,26,2,22.99,0.0,45.98,Completed
503909,10611,2025-10-28,19,3,64.99,0.0,194.97,Completed
502931,10855,2025-10-29,17,1,69.99,0.05,66.49,Completed
501363,10693,2025-10-29,17,2,69.99,0.0,139.98,Completed
501544,10806,2025-10-29,26,1,22.99,0.0,22.99,Completed
504372,10091,2025-10-29,4,2,59.99,0.0,119.98,Completed
501952,10405,2025-10-29,21,4,12.99,0.05,49.36,Completed
503837,10886,2025-10-29,29,4,199.99,0.0,799.96,Completed
504199,10515,2025-10-29,5,4,149.99,0.0,599.96,Completed
502883,10851,2025-10-29,1,4,49.99,0.15,169.97,Completed
503137,10129,2025-10-29,1,1,49.99,0.1,44.99,Completed
504548,10775,2025-10-29,3,5,89.99,0.0,449.95,Completed
500546,10856,2025-10-30,17,2,69.99,0.0,0.0,Returned
500639,10589,2025-10-30,14,1,14.99,0.0,14.99,Completed
503358,10644,2025-10-30,20,2,19.99,0.05,0.0,Returned
504574,10513,2025-10-31,12,1,109.99,0.2,87.99,Completed
503594,10516,2025-10-31,23,1,44.99,0.0,44.99,Completed
501686,10952,2025-10-31,27,3,59.99,0.0,179.97,Completed
500146,10443,2025-10-31,2,1,29.99,0.1,26.99,Completed
500976,10932,2025-10-31,18,3,34.99,0.15,89.22,Completed
501416,10524,2025-11-01,21,1,12.99,0.1,11.69,Completed
503801,10260,2025-11-01,10,2,179.99,0.15,305.98,Completed
504518,10876,2025-11-01,10,1,179.99,0.1,161.99,Completed
504700,10624,2025-11-01,17,1,69.99,0.0,69.99,Completed
502252,10935,2025-11-01,17,2,69.99,0.2,111.98,Completed
502009,10328,2025-11-01,12,4,109.99,0.05,417.96,Completed
503327,10206,2025-11-01,23,1,44.99,0.15,38.24,Completed
503265,10958,2025-11-02,18,2,34.99,0.15,59.48,Completed
504156,10342,2025-11-02,17,2,69.99,0.0,139.98,Completed
504627,10624,2025-11-02,25,1,24.99,0.0,24.99,Completed
500311,10603,2025-11-02,27,2,59.99,0.1,107.98,Completed
502540,10782,2025-11-02,20,3,19.99,0.0,59.97,Completed
504453,10869,2025-11-02,12,1,109.99,0.0,109.99,Completed
502588,10874,2025-11-03,15,2,11.99,0.0,23.98,Completed
501603,10052,2025-11-03,26,2,22.99,0.0,45.98,Completed
502446,10229,2025-11-03,15,2,11.99,0.0,23.98,Completed
500106,10522,2025-11-03,20,2,19.99,0.15,0.0,Returned
504221,10895,2025-11-03,1,1,49.99,0.0,49.99,Completed
503638,10212,2025-11-03,19,2,64.99,0.0,129.98,Completed
504697,10900,2025-11-03,24,3,39.99,0.0,119.97,Completed
502886,10599,2025-11-04,14,1,14.99,0.0,14.99,Completed
501161,10912,2025-11-04,26,3,22.99,0.05,65.52,Completed
500768,10717,2025-11-04,12,1,109.99,0.1,98.99,Completed
501796,10594,2025-11-04,12,1,109.99,0.05,104.49,Completed
502355,10753,2025-11-05,24,3,39.99,0.0,119.97,Completed
503866,10675,2025-11-05,13,1,179.99,0.15,152.99,Completed
503027,10583,2025-11-05,4,1,59.99,0.0,59.99,Completed
502888,10788,2025-11-05,18,2,34.99,0.05,66.48,Completed
503296,10206,2025-11-06,2,2,29.99,0.05,56.98,Completed
503395,10486,2025-11-06,26,2,22.99,0.0,0.0,Cancelled
502230,10673,2025-11-06,6,4,79.99,0.0,319.96,Completed
502031,10353,2025-11-06,3,1,89.99,0.0,89.99,Completed
504397,10631,2025-11-06,26,2,22.99,0.1,41.38,Completed
502204,10788,2025-11-06,29,1,199.99,0.0,199.99,Completed
502121,10962,2025-11-06,29,1,199.99,0.0,199.99,Completed
502592,10271,2025-11-07,23,2,44.99,0.0,89.98,Completed
504318,10390,2025-11-07,18,2,34.99,0.1,62.98,Completed
501927,10283,2025-11-07,27,2,59.99,0.0,0.0,Returned
502785,10827,2025-11-07,15,1,11.99,0.0,11.99,Completed
503899,10473,2025-11-07,30,2,229.99,0.05,436.98,Completed
502101,10481,2025-11-08,17,1,69.99,0.0,69.99,Completed
501453,10458,2025-11-08,14,4,14.99,0.15,0.0,Returned
501765,10879,2025-11-08,19,2,64.99,0.0,129.98,Completed
502062,10054,2025-11-08,3,1,89.99,0.0,89.99,Completed
502460,10830,2025-11-08,19,2,64.99,0.0,129.98,Completed
501597,10042,2025-11-08,12,1,109.99,0.0,109.99,Completed
501262,10968,2025-11-09,24,2,39.99,0.0,79.98,Completed
503147,10193,2025-11-09,18,3,34.99,0.15,89.22,Completed
500220,10565,2025-11-09,30,1,229.99,0.1,206.99,Completed
503713,10790,2025-11-09,27,2,59.99,0.0,119.98,Completed
503404,10879,2025-11-09,7,3,39.99,0.05,113.97,Completed
501731,10864,2025-11-09,19,2,64.99,0.05,123.48,Completed
502873,10978,2025-11-10,20,1,19.99,0.0,19.99,Completed
503850,10786,2025-11-10,1,1,49.99,0.1,44.99,Completed
500409,10840,2025-11-10,10,1,179.99,0.05,170.99,Completed
504554,10363,2025-11-10,23,2,44.99,0.0,89.98,Completed
500887,10440,2025-11-10,4,2,59.99,0.1,107.98,Completed
504064,10192,2025-11-10,27,4,59.99,0.0,239.96,Completed
504881,10164,2025-11-10,3,2,89.99,0.05,170.98,Completed
502570,10888,2025-11-10,10,1,179.99,0.2,143.99,Completed
502238,10551,2025-11-11,24,1,39.99,0.05,37.99,Completed
501955,10868,2025-11-11,20,3,19.99,0.1,53.97,Completed
503870,10767,2025-11-11,11,3,279.99,0.0,839.97,Completed
503840,10328,2025-11-11,10,1,179.99,0.0,179.99,Completed
504345,10490,2025-11-11,14,1,14.99,0.0,14.99,Completed
503829,10151,2025-11-11,21,1,12.99,0.05,12.34,Completed
502619,10747,2025-11-11,24,1,39.99,0.1,35.99,Completed
500956,10943,2025-11-11,15,1,11.99,0.05,11.39,Completed
502425,10008,2025-11-12,3,1,89.99,0.0,89.99,Completed
501482,10680,2025-11-12,19,3,64.99,0.0,194.97,Completed
502299,10972,2025-11-12,14,1,14.99,0.1,13.49,Completed
500983,10336,2025-11-12,1,1,49.99,0.0,49.99,Completed
501941,10851,2025-11-12,23,1,44.99,0.05,42.74,Completed
500411,10083,2025-11-12,30,1,229.99,0.0,229.99,Completed
503880,10266,2025-11-12,13,2,179.99,0.0,359.98,Completed
503122,10402,2025-11-12,22,1,29.99,0.0,29.99,Completed
503288,10936,2025-11-13,16,1,24.99,0.05,23.74,Completed
502372,10668,2025-11-13,26,1,22.99,0.1,20.69,Completed
500784,10987,2025-11-13,15,1,11.99,0.05,11.39,Completed
501450,10060,2025-11-13,12,1,109.99,0.1,98.99,Completed
500194,10913,2025-11-13,17,3,69.99,0.0,209.97,Completed
501647,10832,2025-11-14,26,2,22.99,0.05,43.68,Completed
503910,10381,2025-11-14,14,1,14.99,0.0,14.99,Completed
501324,10386,2025-11-14,12,1,109.99,0.0,109.99,Completed
503448,10245,2025-11-14,14,3,14.99,0.1,40.47,Completed
504286,10151,2025-11-15,11,1,279.99,0.0,279.99,Completed
500383,10202,2025-11-15,6,2,79.99,0.05,151.98,Completed
500077,10722,2025-11-15,18,2,34.99,0.15,59.48,Completed
504754,10836,2025-11-15,21,1,12.99,0.05,12.34,Completed
504541,10064,2025-11-15,4,3,59.99,0.0,179.97,Completed
504685,10529,2025-11-16,15,1,11.99,0.15,10.19,Completed
500614,10387,2025-11-16,14,1,14.99,0.05,14.24,Completed
501492,10860,2025-11-16,20,1,19.99,0.0,19.99,Completed
501073,10356,2025-11-16,14,1,14.99,0.15,12.74,Completed
504639,10984,2025-11-17,15,1,11.99,0.05,11.39,Completed
503039,10287,2025-11-17,15,1,11.99,0.1,10.79,Completed
504414,10924,2025-11-17,15,1,11.99,0.0,0.0,Returned
502631,10186,2025-11-17,8,1,249.99,0.0,249.99,Completed
501314,10167,2025-11-17,20,1,19.99,0.05,18.99,Completed
503270,10551,2025-11-17,27,3,59.99,0.05,170.97,Completed
500673,10200,2025-11-17,3,5,89.99,0.05,427.45,Completed
503904,10579,2025-11-17,8,1,249.99,0.1,224.99,Completed
502912,10551,2025-11-17,18,3,34.99,0.05,99.72,Completed
503189,10860,2025-11-18,23,2,44.99,0.2,71.98,Completed
502454,10687,2025-11-18,12,3,109.99,0.0,329.97,Completed
504592,10682,2025-11-18,1,1,49.99,0.05,47.49,Completed
501844,10790,2025-11-18,14,1,14.99,0.1,13.49,Completed
501943,10204,2025-11-18,20,2,19.99,0.0,39.98,Completed
500627,10851,2025-11-18,24,1,39.99,0.0,39.99,Completed
501818,10098,2025-11-18,2,1,29.99,0.1,26.99,Completed
503024,10451,2025-11-18,25,1,24.99,0.05,23.74,Completed
504101,10390,2025-11-19,2,2,29.99,0.0,59.98,Completed
504871,10496,2025-11-19,1,2,49.99,0.05,94.98,Completed
504329,10387,2025-11-19,30,2,229.99,0.05,436.98,Completed
502440,10179,2025-11-19,4,2,59.99,0.0,119.98,Completed
501515,10858,2025-11-19,20,3,19.99,0.0,59.97,Completed
503291,10486,2025-11-19,25,2,24.99,0.05,47.48,Completed
503062,10510,2025-11-19,21,4,12.99,0.0,51.96,Completed
502036,10809,2025-11-19,15,1,11.99,0.0,11.99,Completed
503232,10360,2025-11-20,21,3,12.99,0.0,38.97,Completed
502724,10900,2025-11-20,13,1,179.99,0.0,179.99,Completed
502656,10307,2025-11-20,21,1,12.99,0.0,12.99,Completed
500660,10505,2025-11-20,24,1,39.99,0.0,39.99,Completed
504883,10216,2025-11-20,2,1,29.99,0.0,29.99,Completed
501807,10942,2025-11-20,2,2,29.99,0.0,59.98,Completed
501579,10663,2025-11-21,23,2,44.99,0.0,89.98,Completed
500835,10578,2025-11-21,10,1,179.99,0.0,179.99,Completed
504770,10482,2025-11-21,4,1,59.99,0.15,50.99,Completed
502352,10389,2025-11-21,1,1,49.99,0.0,49.99,Completed
500593,10370,2025-11-21,13,2,179.99,0.0,359.98,Completed
500258,10384,2025-11-21,13,3,179.99,0.0,0.0,Returned
503228,10603,2025-11-21,4,3,59.99,0.05,170.97,Completed
504336,10984,2025-11-22,22,2,29.99,0.0,59.98,Completed
500188,10033,2025-11-22,4,2,59.99,0.05,113.98,Completed
502607,10920,2025-11-22,18,1,34.99,0.1,31.49,Completed
502233,10552,2025-11-22,12,2,109.99,0.0,219.98,Completed
500362,10266,2025-11-22,1,1,49.99,0.0,49.99,Completed
503287,10932,2025-11-22,22,1,29.99,0.0,29.99,Completed
502401,10459,2025-11-23,6,4,79.99,0.05,303.96,Completed
501383,10447,2025-11-23,15,1,11.99,0.0,11.99,Completed
504634,10505,2025-11-23,17,2,69.99,0.05,132.98,Completed
501879,10127,2025-11-23,25,1,24.99,0.0,24.99,Completed
502689,10350,2025-11-23,3,1,89.99,0.0,89.99,Completed
501078,10732,2025-11-23,16,1,24.99,0.0,24.99,Completed
502816,10924,2025-11-23,2,1,29.99,0.0,29.99,Completed
500155,10067,2025-11-23,22,1,29.99,0.15,25.49,Completed
501195,10260,2025-11-23,20,1,19.99,0.0,19.99,Completed
500898,10621,2025-11-23,24,2,39.99,0.2,63.98,Completed
502130,10452,2025-11-24,16,2,24.99,0.05,47.48,Completed
503843,10891,2025-11-24,5,1,149.99,0.0,149.99,Completed
500841,10361,2025-11-24,30,1,229.99,0.0,229.99,Completed
500804,10701,2025-11-24,3,2,89.99,0.05,170.98,Completed
504312,10119,2025-11-24,19,2,64.99,0.0,129.98,Completed
501623,10727,2025-11-24,16,1,24.99,0.15,21.24,Completed
501425,10832,2025-11-24,27,1,59.99,0.2,47.99,Completed
503728,10729,2025-11-24,5,4,149.99,0.0,599.96,Completed
501041,10094,2025-11-25,4,1,59.99,0.05,56.99,Completed
504937,10836,2025-11-25,26,4,22.99,0.15,78.17,Completed
502485,10982,2025-11-25,21,2,12.99,0.0,25.98,Completed
504880,10140,2025-11-25,7,2,39.99,0.05,75.98,Completed
504906,10942,2025-11-26,28,1,129.99,0.0,129.99,Completed
500834,10294,2025-11-26,7,3,39.99,0.0,119.97,Completed
504270,10771,2025-11-26,22,2,29.99,0.0,59.98,Completed
503213,10028,2025-11-26,12,1,109.99,0.0,109.99,Completed
501084,10735,2025-11-26,23,1,44.99,0.05,42.74,Completed
500762,10922,2025-11-27,8,1,249.99,0.0,249.99,Completed
501519,10711,2025-11-27,24,3,39.99,0.0,119.97,Completed
500848,10544,2025-11-27,26,3,22.99,0.05,65.52,Completed
501592,10219,2025-11-27,7,1,39.99,0.05,37.99,Completed
502292,10372,2025-11-27,23,1,44.99,0.0,44.99,Completed
501773,10189,2025-11-27,21,3,12.99,0.05,37.02,Completed
502630,10419,2025-11-27,11,1,279.99,0.05,265.99,Completed
502344,10621,2025-11-27,24,2,39.99,0.15,0.0,Cancelled
503456,10096,2025-11-27,18,1,34.99,0.0,34.99,Completed
502388,10973,2025-11-28,4,1,59.99,0.0,59.99,Completed
504237,10952,2025-11-28,2,1,29.99,0.1,26.99,Completed
500563,10574,2025-11-28,18,1,34.99,0.05,33.24,Completed
501358,10240,2025-11-28,17,2,69.99,0.2,111.98,Completed
503362,10733,2025-11-28,29,4,199.99,0.0,799.96,Completed
504122,10554,2025-11-28,21,1,12.99,0.1,11.69,Completed
501539,10854,2025-11-28,20,1,19.99,0.05,18.99,Completed
502064,10076,2025-11-28,18,1,34.99,0.0,34.99,Completed
503047,10583,2025-11-28,21,1,12.99,0.05,12.34,Completed
503572,10925,2025-11-28,13,1,179.99,0.0,179.99,Completed
504503,10222,2025-11-28,13,4,179.99,0.1,647.96,Completed
501152,10947,2025-11-29,25,1,24.99,0.0,24.99,Completed
500664,10465,2025-11-29,23,1,44.99,0.0,44.99,Completed
504271,10015,2025-11-29,30,1,229.99,0.05,218.49,Completed
503221,10104,2025-11-29,13,1,179.99,0.0,179.99,Completed
504714,10558,2025-11-29,14,3,14.99,0.05,42.72,Completed
502402,10155,2025-11-29,10,2,179.99,0.0,359.98,Completed
500359,10780,2025-11-29,6,3,79.99,0.0,239.97,Completed
500895,10080,2025-11-29,14,2,14.99,0.15,25.48,Completed
503667,10984,2025-11-30,4,1,59.99,0.1,53.99,Completed
503685,10116,2025-11-30,14,4,14.99,0.05,56.96,Completed
500289,10328,2025-11-30,2,3,29.99,0.1,80.97,Completed
503506,10831,2025-11-30,7,2,39.99,0.0,79.98,Completed
503642,10621,2025-11-30,14,2,14.99,0.1,26.98,Completed
501711,10222,2025-11-30,2,5,29.99,0.0,149.95,Completed
502658,10747,2025-11-30,20,2,19.99,0.0,39.98,Completed
500793,10833,2025-11-30,22,1,29.99,0.0,29.99,Completed
502828,10084,2025-11-30,13,1,179.99,0.1,0.0,Cancelled
504834,10496,2025-11-30,10,1,179.99,0.0,0.0,Cancelled
502428,10699,2025-11-30,12,4,109.99,0.0,439.96,Completed
504730,10256,2025-12-01,29,2,199.99,0.15,339.98,Completed
502040,10955,2025-12-01,7,1,39.99,0.0,39.99,Completed
503247,10743,2025-12-01,17,1,69.99,0.0,69.99,Completed
502699,10060,2025-12-01,19,1,64.99,0.0,64.99,Completed
501271,10340,2025-12-01,6,1,79.99,0.0,79.99,Completed
502939,10998,2025-12-01,29,1,199.99,0.0,199.99,Completed
500705,10419,2025-12-01,2,3,29.99,0.0,0.0,Cancelled
503991,10918,2025-12-02,22,3,29.99,0.1,80.97,Completed
504845,10045,2025-12-02,22,1,29.99,0.1,26.99,Completed
503019,10829,2025-12-02,20,3,19.99,0.15,50.97,Completed
503269,10245,2025-12-02,4,1,59.99,0.0,59.99,Completed
500700,10683,2025-12-02,14,3,14.99,0.0,44.97,Completed
503898,10930,2025-12-02,16,1,24.99,0.0,24.99,Completed
500185,10216,2025-12-02,14,1,14.99,0.0,14.99,Completed
500455,10460,2025-12-02,3,3,89.99,0.1,242.97,Completed
503329,10528,2025-12-02,9,2,399.99,0.0,799.98,Completed
504081,10735,2025-12-02,5,2,149.99,0.1,269.98,Completed
504095,10347,2025-12-02,15,1,11.99,0.0,11.99,Completed
502423,10244,2025-12-02,4,2,59.99,0.05,0.0,Cancelled
502814,10319,2025-12-03,15,1,11.99,0.1,10.79,Completed
500601,10303,2025-12-03,25,3,24.99,0.05,71.22,Completed
503264,10579,2025-12-03,25,3,24.99,0.0,74.97,Completed
503444,10663,2025-12-03,14,1,14.99,0.15,0.0,Returned
502016,10248,2025-12-03,3,1,89.99,0.0,89.99,Completed
502759,10507,2025-12-03,22,2,29.99,0.0,59.98,Completed
501663,10281,2025-12-03,26,1,22.99,0.05,21.84,Completed
504727,10570,2025-12-03,21,2,12.99,0.0,25.98,Completed
502498,10451,2025-12-04,27,1,59.99,0.0,59.99,Completed
500892,10212,2025-12-04,23,2,44.99,0.0,89.98,Completed
500937,10706,2025-12-04,16,4,24.99,0.05,94.96,Completed
500719,10202,2025-12-04,15,1,11.99,0.1,0.0,Returned
504484,10036,2025-12-04,13,4,179.99,0.05,683.96,Completed
504011,10813,2025-12-05,18,1,34.99,0.0,34.99,Completed
504058,10348,2025-12-05,3,2,89.99,0.1,161.98,Completed
502174,10331,2025-12-05,5,1,149.99,0.05,142.49,Completed
500350,10387,2025-12-05,6,1,79.99,0.05,75.99,Completed
504955,10580,2025-12-05,26,1,22.99,0.0,22.99,Completed
503855,10068,2025-12-05,26,2,22.99,0.05,43.68,Completed
502005,10064,2025-12-05,11,1,279.99,0.2,223.99,Completed
501567,10046,2025-12-06,10,2,179.99,0.1,323.98,Completed
503834,10298,2025-12-06,14,1,14.99,0.0,14.99,Completed
503563,10770,2025-12-06,25,1,24.99,0.1,22.49,Completed
502801,10571,2025-12-06,7,2,39.99,0.05,75.98,Completed
503338,10881,2025-12-06,5,3,149.99,0.0,449.97,Completed
503360,10083,2025-12-06,2,3,29.99,0.2,71.98,Completed
503654,10973,2025-12-06,7,1,39.99,0.2,31.99,Completed
503774,10886,2025-12-06,4,1,59.99,0.05,56.99,Completed
500562,10501,2025-12-07,7,1,39.99,0.0,39.99,Completed
501527,10949,2025-12-07,2,3,29.99,0.1,80.97,Completed
503382,10387,2025-12-07,30,1,229.99,0.0,229.99,Completed
503081,10321,2025-12-08,18,1,34.99,0.05,33.24,Completed
502708,10594,2025-12-08,17,1,69.99,0.0,69.99,Completed
504317,10988,2025-12-08,20,1,19.99,0.0,19.99,Completed
501536,10868,2025-12-08,20,1,19.99,0.1,0.0,Returned
504806,10530,2025-12-08,9,1,399.99,0.05,0.0,Returned
503701,10749,2025-12-08,24,1,39.99,0.0,39.99,Completed
500643,10470,2025-12-08,14,1,14.99,0.0,14.99,Completed
503807,10076,2025-12-08,25,2,24.99,0.15,42.48,Completed
504299,10081,2025-12-08,30,2,229.99,0.05,436.98,Completed
502322,10362,2025-12-08,24,1,39.99,0.05,37.99,Completed
500815,10968,2025-12-08,18,1,34.99,0.0,34.99,Completed
503004,10566,2025-12-09,21,1,12.99,0.15,11.04,Completed
500326,10515,2025-12-09,14,1,14.99,0.05,14.24,Completed
503753,10804,2025-12-09,18,1,34.99,0.0,34.99,Completed
500760,10962,2025-12-09,3,3,89.99,0.05,256.47,Completed
501685,10645,2025-12-09,3,2,89.99,0.0,179.98,Completed
504272,10229,2025-12-10,24,2,39.99,0.1,71.98,Completed
504306,10437,2025-12-10,1,2,49.99,0.0,99.98,Completed
504699,10363,2025-12-10,7,1,39.99,0.05,37.99,Completed
501629,10813,2025-12-10,12,2,109.99,0.1,197.98,Completed
503754,10887,2025-12-10,11,2,279.99,0.0,559.98,Completed
501394,10441,2025-12-10,18,1,34.99,0.0,34.99,Completed
501797,10234,2025-12-10,2,2,29.99,0.0,59.98,Completed
500879,10334,2025-12-10,2,1,29.99,0.0,29.99,Completed
504779,10731,2025-12-11,12,3,109.99,0.1,0.0,Cancelled
502885,10614,2025-12-11,27,3,59.99,0.0,179.97,Completed
504379,10055,2025-12-11,14,3,14.99,0.05,42.72,Completed
501912,10080,2025-12-11,5,1,149.99,0.05,142.49,Completed
502747,10942,2025-12-11,23,1,44.99,0.0,44.99,Completed
503821,10533,2025-12-11,28,1,129.99,0.05,0.0,Returned
500283,10998,2025-12-12,14,1,14.99,0.0,14.99,Completed
502989,10188,2025-12-12,6,4,79.99,0.0,319.96,Completed
500167,10884,2025-12-12,16,1,24.99,0.1,22.49,Completed
504307,10390,2025-12-12,17,1,69.99,0.05,66.49,Completed
501090,10650,2025-12-12,14,3,14.99,0.1,40.47,Completed
503888,10861,2025-12-12,16,2,24.99,0.1,44.98,Completed
501286,10958,2025-12-12,10,1,179.99,0.0,179.99,Completed
501900,10825,2025-12-12,20,1,19.99,0.1,17.99,Completed
501742,10589,2025-12-13,6,1,79.99,0.1,71.99,Completed
504092,10192,2025-12-13,17,1,69.99,0.0,69.99,Completed
503502,10134,2025-12-13,15,4,11.99,0.1,43.16,Completed
503616,10755,2025-12-13,20,5,19.99,0.1,89.96,Completed
502982,10951,2025-12-13,16,1,24.99,0.05,23.74,Completed
503125,10726,2025-12-13,14,2,14.99,0.0,0.0,Returned
504491,10761,2025-12-13,9,2,399.99,0.0,799.98,Completed
500759,10212,2025-12-13,30,4,229.99,0.0,919.96,Completed
503941,10602,2025-12-13,4,1,59.99,0.1,53.99,Completed
504423,10831,2025-12-14,7,1,39.99,0.05,0.0,Cancelled
502811,10179,2025-12-14,6,1,79.99,0.0,79.99,Completed
502986,10979,2025-12-14,12,1,109.99,0.0,109.99,Completed
501010,10284,2025-12-15,15,1,11.99,0.05,11.39,Completed
501038,10171,2025-12-15,15,3,11.99,0.2,28.78,Completed
502875,10112,2025-12-15,21,1,12.99,0.0,12.99,Completed
503351,10260,2025-12-15,21,5,12.99,0.0,64.95,Completed
501701,10872,2025-12-15,14,1,14.99,0.15,12.74,Completed
500339,10644,2025-12-15,12,1,109.99,0.0,109.99,Completed
504519,10350,2025-12-15,7,2,39.99,0.05,75.98,Completed
503906,10044,2025-12-15,22,1,29.99,0.05,28.49,Completed
503554,10554,2025-12-15,5,4,149.99,0.0,599.96,Completed
503777,10604,2025-12-16,26,1,22.99,0.2,18.39,Completed
502976,10697,2025-12-16,23,3,44.99,0.1,121.47,Completed
503580,10191,2025-12-16,12,1,109.99,0.05,104.49,Completed
503705,10958,2025-12-16,10,2,179.99,0.05,0.0,Cancelled
503613,10667,2025-12-16,21,1,12.99,0.0,12.99,Completed
503488,10356,2025-12-16,3,2,89.99,0.0,179.98,Completed
502574,10078,2025-12-16,23,1,44.99,0.1,40.49,Completed
500984,10055,2025-12-16,29,1,199.99,0.0,199.99,Completed
502389,10978,2025-12-16,16,1,24.99,0.0,24.99,Completed
502191,10530,2025-12-16,4,1,59.99,0.0,59.99,Completed
502646,10836,2025-12-17,16,2,24.99,0.0,49.98,Completed
503399,10758,2025-12-17,29,2,199.99,0.05,379.98,Completed
503751,10812,2025-12-17,23,1,44.99,0.0,44.99,Completed
504705,10858,2025-12-17,21,1,12.99,0.1,11.69,Completed
502451,10685,2025-12-17,12,2,109.99,0.2,175.98,Completed
503559,10677,2025-12-17,11,1,279.99,0.0,279.99,Completed
503939,10372,2025-12-17,25,1,24.99,0.0,24.99,Completed
501833,10761,2025-12-17,28,1,129.99,0.05,123.49,Completed
503979,10753,2025-12-18,24,2,39.99,0.15,67.98,Completed
501760,10309,2025-12-18,14,1,14.99,0.05,14.24,Completed
502968,10492,2025-12-18,21,1,12.99,0.0,0.0,Returned
504596,10263,2025-12-18,19,1,64.99,0.0,64.99,Completed
500689,10123,2025-12-18,18,3,34.99,0.0,104.97,Completed
502849,10670,2025-12-18,14,1,14.99,0.15,12.74,Completed
503072,10176,2025-12-18,4,1,59.99,0.1,53.99,Completed
504378,10778,2025-12-18,13,1,179.99,0.0,179.99,Completed
503384,10277,2025-12-18,2,1,29.99,0.0,29.99,Completed
502416,10509,2025-12-19,14,2,14.99,0.1,26.98,Completed
504157,10608,2025-12-19,2,3,29.99,0.0,89.97,Completed
504066,10749,2025-12-19,3,1,89.99,0.15,76.49,Completed
502538,10888,2025-12-20,21,1,12.99,0.0,12.99,Completed
500040,10269,2025-12-20,1,1,49.99,0.0,49.99,Completed
502524,10268,2025-12-20,15,3,11.99,0.0,35.97,Completed
500946,10155,2025-12-20,17,2,69.99,0.0,139.98,Completed
501343,10390,2025-12-20,14,1,14.99,0.0,14.99,Completed
502307,10117,2025-12-20,9,1,399.99,0.1,359.99,Completed
500986,10650,2025-12-20,16,4,24.99,0.0,99.96,Completed
500073,10851,2025-12-20,14,1,14.99,0.0,14.99,Completed
503956,10615,2025-12-21,20,1,19.99,0.0,19.99,Completed
504942,10886,2025-12-21,21,1,12.99,0.0,12.99,Completed
500993,10264,2025-12-21,30,1,229.99,0.05,218.49,Completed
500204,10021,2025-12-22,1,2,49.99,0.05,94.98,Completed
504017,10436,2025-12-22,18,1,34.99,0.0,34.99,Completed
502893,10123,2025-12-22,27,1,59.99,0.05,56.99,Completed
502315,10111,2025-12-22,30,4,229.99,0.0,919.96,Completed
500195,10787,2025-12-22,17,1,69.99,0.0,69.99,Completed
500595,10532,2025-12-22,11,1,279.99,0.0,279.99,Completed
504917,10840,2025-12-22,24,3,39.99,0.15,0.0,Returned
500097,10624,2025-12-22,26,1,22.99,0.0,0.0,Cancelled
502517,10722,2025-12-22,25,2,24.99,0.0,0.0,Returned
503931,10756,2025-12-23,4,2,59.99,0.05,113.98,Completed
501697,10700,2025-12-23,7,1,39.99,0.05,37.99,Completed
503618,10624,2025-12-23,25,1,24.99,0.1,22.49,Completed
500465,10854,2025-12-23,24,1,39.99,0.15,33.99,Completed
501830,10300,2025-12-23,26,1,22.99,0.05,0.0,Returned
501834,10586,2025-12-23,21,2,12.99,0.0,25.98,Completed
501047,10358,2025-12-24,6,1,79.99,0.0,79.99,Completed
501122,10228,2025-12-24,26,1,22.99,0.1,20.69,Completed
501587,10171,2025-12-25,30,3,229.99,0.0,689.97,Completed
504206,10536,2025-12-25,16,2,24.99,0.05,47.48,Completed
502481,10019,2025-12-25,10,1,179.99,0.0,179.99,Completed
501719,10307,2025-12-25,17,1,69.99,0.05,66.49,Completed
504165,10458,2025-12-26,23,5,44.99,0.0,224.95,Completed
500635,10940,2025-12-26,8,3,249.99,0.1,0.0,Cancelled
504412,10023,2025-12-26,12,1,109.99,0.0,109.99,Completed
500766,10232,2025-12-26,8,1,249.99,0.0,249.99,Completed
500352,10528,2025-12-26,21,2,12.99,0.0,25.98,Completed
501713,10505,2025-12-26,20,4,19.99,0.1,71.96,Completed
504492,10109,2025-12-26,30,1,229.99,0.15,195.49,Completed
502577,10463,2025-12-26,4,3,59.99,0.1,161.97,Completed
500569,10143,2025-12-26,2,1,29.99,0.0,29.99,Completed
504139,10018,2025-12-27,7,1,39.99,0.0,39.99,Completed
500232,10044,2025-12-27,6,3,79.99,0.0,239.97,Completed
502115,10368,2025-12-27,28,1,129.99,0.15,110.49,Completed
504943,10109,2025-12-27,26,3,22.99,0.05,65.52,Completed
502419,10256,2025-12-27,27,3,59.99,0.1,161.97,Completed
502650,10073,2025-12-28,1,4,49.99,0.05,189.96,Completed
503479,10712,2025-12-28,4,1,59.99,0.0,59.99,Completed
501689,10614,2025-12-28,16,3,24.99,0.05,71.22,Completed
502587,10901,2025-12-28,16,5,24.99,0.05,118.7,Completed
501136,10947,2025-12-28,11,2,279.99,0.1,503.98,Completed
501873,10526,2025-12-28,25,3,24.99,0.05,71.22,Completed
500348,10617,2025-12-28,1,1,49.99,0.05,0.0,Returned
504965,10478,2025-12-28,26,3,22.99,0.05,65.52,Completed
502223,10932,2025-12-28,7,2,39.99,0.15,67.98,Completed
501514,10417,2025-12-28,14,1,14.99,0.05,14.24,Completed
501026,10044,2025-12-28,27,1,59.99,0.05,56.99,Completed
504449,10228,2025-12-28,14,2,14.99,0.0,29.98,Completed
501070,10956,2025-12-29,10,2,179.99,0.0,359.98,Completed
503833,10100,2025-12-29,15,5,11.99,0.0,59.95,Completed
502215,10972,2025-12-29,20,2,19.99,0.0,39.98,Completed
503433,10179,2025-12-30,2,4,29.99,0.0,0.0,Returned
502175,10475,2025-12-30,14,2,14.99,0.0,29.98,Completed
504400,10955,2025-12-30,27,4,59.99,0.05,227.96,Completed
501893,10924,2025-12-30,6,1,79.99,0.05,75.99,Completed
503633,10581,2025-12-30,23,2,44.99,0.05,85.48,Completed
500113,10486,2025-12-30,1,1,49.99,0.05,47.49,Completed
501489,10358,2025-12-30,4,1,59.99,0.05,56.99,Completed
501133,10440,2025-12-30,11,2,279.99,0.0,559.98,Completed
504660,10542,2025-12-31,25,1,24.99,0.0,24.99,Completed
504281,10658,2025-12-31,22,2,29.99,0.0,59.98,Completed
504027,10198,2025-12-31,14,1,14.99,0.0,14.99,Completed
501832,10887,2025-12-31,21,2,12.99,0.0,25.98,Completed
500652,10215,2025-12-31,6,2,79.99,0.05,151.98,Completed
502702,10910,2025-12-31,6,1,79.99,0.0,79.99,Completed
